support_tickets,churn_risk_score
0.0,2.0
0.1,2.15
0.2,2.3
0.3,2.45
0.4,2.6
0.5,2.75
0.6,2.9
0.7,3.05
0.8,3.2
0.9,3.35
1.0,3.5
1.1,3.65
1.2,3.8
1.3,3.95
1.4,4.1
1.5,4.25
1.6,4.4
1.7,4.55
1.8,4.7
1.9,4.85
2.0,5.0
2.1,5.15
2.2,5.3
2.3,5.45
2.4,5.6
2.5,5.75
2.6,5.9
2.7,6.05
2.8,6.2
2.9,6.35
3.0,6.5
3.1,6.65
3.2,6.8
3.3,6.95
3.4,7.1
3.5,7.25
3.6,7.4
3.7,7.55
3.8,7.7
3.9,7.85
4.0,8.0
4.1,8.15
4.2,8.3
4.3,8.45
4.4,8.6
4.5,8.75
4.6,8.9
4.7,9.05
4.8,9.2
4.9,9.35
5.0,9.5
5.1,9.65
5.2,9.8
5.3,9.95
5.4,10.1
5.5,10.25
5.6,10.4
5.7,10.55
5.8,10.7
5.9,10.85
6.0,11.0
6.1,11.15
6.2,11.3
6.3,11.45
6.4,11.6
6.5,11.75
6.6,11.9
6.7,12.05
6.8,12.2
6.9,12.35
7.0,12.5
7.1,12.65
7.2,12.8
7.3,12.95
7.4,13.1
7.5,13.25
7.6,13.4
7.7,13.55
7.8,13.7
7.9,13.85
8.0,14.0
8.1,14.15
8.2,14.3
8.3,14.45
8.4,14.6
8.5,14.75
8.6,14.9
8.7,15.05
8.8,15.2
8.9,15.35
9.0,15.5
9.1,15.65
9.2,15.8
9.3,15.95
9.4,16.1
9.5,16.25
9.6,16.4
9.7,16.55
9.8,16.7
9.9,16.85
10.0,17.0
10.1,17.15
10.2,17.3
10.3,17.45
10.4,17.6
10.5,17.75
10.6,17.9
10.7,18.05
10.8,18.2
10.9,18.35
11.0,18.5
11.1,18.65
11.2,18.8
11.3,18.95
11.4,19.1
11.5,19.25
11.6,19.4
11.7,19.55
11.8,19.7
11.9,19.85
12.0,20.0
12.1,20.15
12.2,20.3
12.3,20.45
12.4,20.6
12.5,20.75
12.6,20.9
12.7,21.05
12.8,21.2
12.9,21.35
13.0,21.5
13.1,21.65
13.2,21.8
13.3,21.95
13.4,22.1
13.5,22.25
13.6,22.4
13.7,22.55
13.8,22.7
13.9,22.85
14.0,23.0
14.1,23.15
14.2,23.3
14.3,23.45
14.4,23.6
14.5,23.75
14.6,23.9
14.7,24.05
14.8,24.2
14.9,24.35
15.0,24.5
15.1,24.65
15.2,24.8
15.3,24.95
15.4,25.1
15.5,25.25
15.6,25.4
15.7,25.55
15.8,25.7
15.9,25.85
16.0,26.0
16.1,26.15
16.2,26.3
16.3,26.45
16.4,26.6
16.5,26.75
16.6,26.9
16.7,27.05
16.8,27.2
16.9,27.35
17.0,27.5
17.1,27.65
17.2,27.8
17.3,27.95
17.4,28.1
17.5,28.25
17.6,28.4
17.7,28.55
17.8,28.7
17.9,28.85
18.0,29.0
18.1,29.15
18.2,29.3
18.3,29.45
18.4,29.6
18.5,29.75
18.6,29.9
18.7,30.05
18.8,30.2
18.9,30.35
19.0,30.5
19.1,30.65
19.2,30.8
19.3,30.95
19.4,31.1
19.5,31.25
19.6,31.4
19.7,31.55
19.8,31.7
19.9,31.85
20.0,32.0
20.1,32.15
20.2,32.3
20.3,32.45
20.4,32.6
20.5,32.75
20.6,32.9
20.7,33.05
20.8,33.2
20.9,33.35
21.0,33.5
21.1,33.65
21.2,33.8
21.3,33.95
21.4,34.1
21.5,34.25
21.6,34.4
21.7,34.55
21.8,34.7
21.9,34.85
22.0,35.0
22.1,35.15
22.2,35.3
22.3,35.45
22.4,35.6
22.5,35.75
22.6,35.9
22.7,36.05
22.8,36.2
22.9,36.35
23.0,36.5
23.1,36.65
23.2,36.8
23.3,36.95
23.4,37.1
23.5,37.25
23.6,37.4
23.7,37.55
23.8,37.7
23.9,37.85
24.0,38.0
24.1,38.15
24.2,38.3
24.3,38.45
24.4,38.6
24.5,38.75
24.6,38.9
24.7,39.05
24.8,39.2
24.9,39.35
25.0,39.5
25.1,39.65
25.2,39.8
25.3,39.95
25.4,40.1
25.5,40.25
25.6,40.4
25.7,40.55
25.8,40.7
25.9,40.85
26.0,41.0
26.1,41.15
26.2,41.3
26.3,41.45
26.4,41.6
26.5,41.75
26.6,41.9
26.7,42.05
26.8,42.2
26.9,42.35
27.0,42.5
27.1,42.65
27.2,42.8
27.3,42.95
27.4,43.1
27.5,43.25
27.6,43.4
27.7,43.55
27.8,43.7
27.9,43.85
28.0,44.0
28.1,44.15
28.2,44.3
28.3,44.45
28.4,44.6
28.5,44.75
28.6,44.9
28.7,45.05
28.8,45.2
28.9,45.35
29.0,45.5
29.1,45.65
29.2,45.8
29.3,45.95
29.4,46.1
29.5,46.25
29.6,46.4
29.7,46.55
29.8,46.7
29.9,46.85
30.0,47.0
30.1,47.15
30.2,47.3
30.3,47.45
30.4,47.6
30.5,47.75
30.6,47.9
30.7,48.05
30.8,48.2
30.9,48.35
31.0,48.5
31.1,48.65
31.2,48.8
31.3,48.95
31.4,49.1
31.5,49.25
31.6,49.4
31.7,49.55
31.8,49.7
31.9,49.85
32.0,50.0
32.1,50.15
32.2,50.3
32.3,50.45
32.4,50.6
32.5,50.75
32.6,50.9
32.7,51.05
32.8,51.2
32.9,51.35
33.0,51.5
33.1,51.65
33.2,51.8
33.3,51.95
33.4,52.1
33.5,52.25
33.6,52.4
33.7,52.55
33.8,52.7
33.9,52.85
34.0,53.0
34.1,53.15
34.2,53.3
34.3,53.45
34.4,53.6
34.5,53.75
34.6,53.9
34.7,54.05
34.8,54.2
34.9,54.35
35.0,54.5
35.1,54.65
35.2,54.8
35.3,54.95
35.4,55.1
35.5,55.25
35.6,55.4
35.7,55.55
35.8,55.7
35.9,55.85
36.0,56.0
36.1,56.15
36.2,56.3
36.3,56.45
36.4,56.6
36.5,56.75
36.6,56.9
36.7,57.05
36.8,57.2
36.9,57.35
37.0,57.5
37.1,57.65
37.2,57.8
37.3,57.95
37.4,58.1
37.5,58.25
37.6,58.4
37.7,58.55
37.8,58.7
37.9,58.85
38.0,59.0
38.1,59.15
38.2,59.3
38.3,59.45
38.4,59.6
38.5,59.75
38.6,59.9
38.7,60.05
38.8,60.2
38.9,60.35
39.0,60.5
39.1,60.65
39.2,60.8
39.3,60.95
39.4,61.1
39.5,61.25
39.6,61.4
39.7,61.55
39.8,61.7
39.9,61.85
40.0,62.0
40.1,62.15
40.2,62.3
40.3,62.45
40.4,62.6
40.5,62.75
40.6,62.9
40.7,63.05
40.8,63.2
40.9,63.35
41.0,63.5
41.1,63.65
41.2,63.8
41.3,63.95
41.4,64.1
41.5,64.25
41.6,64.4
41.7,64.55
41.8,64.7
41.9,64.85
42.0,65.0
42.1,65.15
42.2,65.3
42.3,65.45
42.4,65.6
42.5,65.75
42.6,65.9
42.7,66.05
42.8,66.2
42.9,66.35
43.0,66.5
43.1,66.65
43.2,66.8
43.3,66.95
43.4,67.1
43.5,67.25
43.6,67.4
43.7,67.55
43.8,67.7
43.9,67.85
44.0,68.0
44.1,68.15
44.2,68.3
44.3,68.45
44.4,68.6
44.5,68.75
44.6,68.9
44.7,69.05
44.8,69.2
44.9,69.35
45.0,69.5
45.1,69.65
45.2,69.8
45.3,69.95
45.4,70.1
45.5,70.25
45.6,70.4
45.7,70.55
45.8,70.7
45.9,70.85
46.0,71.0
46.1,71.15
46.2,71.3
46.3,71.45
46.4,71.6
46.5,71.75
46.6,71.9
46.7,72.05
46.8,72.2
46.9,72.35
47.0,72.5
47.1,72.65
47.2,72.8
47.3,72.95
47.4,73.1
47.5,73.25
47.6,73.4
47.7,73.55
47.8,73.7
47.9,73.85
48.0,74.0
48.1,74.15
48.2,74.3
48.3,74.45
48.4,74.6
48.5,74.75
48.6,74.9
48.7,75.05
48.8,75.2
48.9,75.35
49.0,75.5
49.1,75.65
49.2,75.8
49.3,75.95
49.4,76.1
49.5,76.25
49.6,76.4
49.7,76.55
49.8,76.7
49.9,76.85
50.0,77.0
50.1,77.15
50.2,77.3
50.3,77.45
50.4,77.6
50.5,77.75
50.6,77.9
50.7,78.05
50.8,78.2
50.9,78.35
51.0,78.5
51.1,78.65
51.2,78.8
51.3,78.95
51.4,79.1
51.5,79.25
51.6,79.4
51.7,79.55
51.8,79.7
51.9,79.85
52.0,80.0
52.1,80.15
52.2,80.3
52.3,80.45
52.4,80.6
52.5,80.75
52.6,80.9
52.7,81.05
52.8,81.2
52.9,81.35
53.0,81.5
53.1,81.65
53.2,81.8
53.3,81.95
53.4,82.1
53.5,82.25
53.6,82.4
53.7,82.55
53.8,82.7
53.9,82.85
54.0,83.0
54.1,83.15
54.2,83.3
54.3,83.45
54.4,83.6
54.5,83.75
54.6,83.9
54.7,84.05
54.8,84.2
54.9,84.35
55.0,84.5
55.1,84.65
55.2,84.8
55.3,84.95
55.4,85.1
55.5,85.25
55.6,85.4
55.7,85.55
55.8,85.7
55.9,85.85
56.0,86.0
56.1,86.15
56.2,86.3
56.3,86.45
56.4,86.6
56.5,86.75
56.6,86.9
56.7,87.05
56.8,87.2
56.9,87.35
57.0,87.5
57.1,87.65
57.2,87.8
57.3,87.95
57.4,88.1
57.5,88.25
57.6,88.4
57.7,88.55
57.8,88.7
57.9,88.85
58.0,89.0
58.1,89.15
58.2,89.3
58.3,89.45
58.4,89.6
58.5,89.75
58.6,89.9
58.7,90.05
58.8,90.2
58.9,90.35
59.0,90.5
59.1,90.65
59.2,90.8
59.3,90.95
59.4,91.1
59.5,91.25
59.6,91.4
59.7,91.55
59.8,91.7
59.9,91.85
60.0,92.0
60.1,92.15
60.2,92.3
60.3,92.45
60.4,92.6
60.5,92.75
60.6,92.9
60.7,93.05
60.8,93.2
60.9,93.35
61.0,93.5
61.1,93.65
61.2,93.8
61.3,93.95
61.4,94.1
61.5,94.25
61.6,94.4
61.7,94.55
61.8,94.7
61.9,94.85
62.0,95.0
62.1,95.15
62.2,95.3
62.3,95.45
62.4,95.6
62.5,95.75
62.6,95.9
62.7,96.05
62.8,96.2
62.9,96.35
63.0,96.5
63.1,96.65
63.2,96.8
63.3,96.95
63.4,97.1
63.5,97.25
63.6,97.4
63.7,97.55
63.8,97.7
63.9,97.85
64.0,98.0
64.1,98.15
64.2,98.3
64.3,98.45
64.4,98.6
64.5,98.75
64.6,98.9
64.7,99.05
64.8,99.2
64.9,99.35
65.0,99.5
65.1,99.65
65.2,99.8
65.3,99.95
65.4,100.1
65.5,100.25
65.6,100.4
65.7,100.55
65.8,100.7
65.9,100.85
66.0,101.0
66.1,101.15
66.2,101.3
66.3,101.45
66.4,101.6
66.5,101.75
66.6,101.9
66.7,102.05
66.8,102.2
66.9,102.35
67.0,102.5
67.1,102.65
67.2,102.8
67.3,102.95
67.4,103.1
67.5,103.25
67.6,103.4
67.7,103.55
67.8,103.7
67.9,103.85
68.0,104.0
68.1,104.15
68.2,104.3
68.3,104.45
68.4,104.6
68.5,104.75
68.6,104.9
68.7,105.05
68.8,105.2
68.9,105.35
69.0,105.5
69.1,105.65
69.2,105.8
69.3,105.95
69.4,106.1
69.5,106.25
69.6,106.4
69.7,106.55
69.8,106.7
69.9,106.85
70.0,107.0
70.1,107.15
70.2,107.3
70.3,107.45
70.4,107.6
70.5,107.75
70.6,107.9
70.7,108.05
70.8,108.2
70.9,108.35
71.0,108.5
71.1,108.65
71.2,108.8
71.3,108.95
71.4,109.1
71.5,109.25
71.6,109.4
71.7,109.55
71.8,109.7
71.9,109.85
72.0,110.0
72.1,110.15
72.2,110.3
72.3,110.45
72.4,110.6
72.5,110.75
72.6,110.9
72.7,111.05
72.8,111.2
72.9,111.35
73.0,111.5
73.1,111.65
73.2,111.8
73.3,111.95
73.4,112.1
73.5,112.25
73.6,112.4
73.7,112.55
73.8,112.7
73.9,112.85
74.0,113.0
74.1,113.15
74.2,113.3
74.3,113.45
74.4,113.6
74.5,113.75
74.6,113.9
74.7,114.05
74.8,114.2
74.9,114.35
75.0,114.5
75.1,114.65
75.2,114.8
75.3,114.95
75.4,115.1
75.5,115.25
75.6,115.4
75.7,115.55
75.8,115.7
75.9,115.85
76.0,116.0
76.1,116.15
76.2,116.3
76.3,116.45
76.4,116.6
76.5,116.75
76.6,116.9
76.7,117.05
76.8,117.2
76.9,117.35
77.0,117.5
77.1,117.65
77.2,117.8
77.3,117.95
77.4,118.1
77.5,118.25
77.6,118.4
77.7,118.55
77.8,118.7
77.9,118.85
78.0,119.0
78.1,119.15
78.2,119.3
78.3,119.45
78.4,119.6
78.5,119.75
78.6,119.9
78.7,120.05
78.8,120.2
78.9,120.35
79.0,120.5
79.1,120.65
79.2,120.8
79.3,120.95
79.4,121.1
79.5,121.25
79.6,121.4
79.7,121.55
79.8,121.7
79.9,121.85
80.0,122.0
80.1,122.15
80.2,122.3
80.3,122.45
80.4,122.6
80.5,122.75
80.6,122.9
80.7,123.05
80.8,123.2
80.9,123.35
81.0,123.5
81.1,123.65
81.2,123.8
81.3,123.95
81.4,124.1
81.5,124.25
81.6,124.4
81.7,124.55
81.8,124.7
81.9,124.85
82.0,125.0
82.1,125.15
82.2,125.3
82.3,125.45
82.4,125.6
82.5,125.75
82.6,125.9
82.7,126.05
82.8,126.2
82.9,126.35
83.0,126.5
83.1,126.65
83.2,126.8
83.3,126.95
83.4,127.1
83.5,127.25
83.6,127.4
83.7,127.55
83.8,127.7
83.9,127.85
84.0,128.0
84.1,128.15
84.2,128.3
84.3,128.45
84.4,128.6
84.5,128.75
84.6,128.9
84.7,129.05
84.8,129.2
84.9,129.35
85.0,129.5
85.1,129.65
85.2,129.8
85.3,129.95
85.4,130.1
85.5,130.25
85.6,130.4
85.7,130.55
85.8,130.7
85.9,130.85
86.0,131.0
86.1,131.15
86.2,131.3
86.3,131.45
86.4,131.6
86.5,131.75
86.6,131.9
86.7,132.05
86.8,132.2
86.9,132.35
87.0,132.5
87.1,132.65
87.2,132.8
87.3,132.95
87.4,133.1
87.5,133.25
87.6,133.4
87.7,133.55
87.8,133.7
87.9,133.85
88.0,134.0
88.1,134.15
88.2,134.3
88.3,134.45
88.4,134.6
88.5,134.75
88.6,134.9
88.7,135.05
88.8,135.2
88.9,135.35
89.0,135.5
89.1,135.65
89.2,135.8
89.3,135.95
89.4,136.1
89.5,136.25
89.6,136.4
89.7,136.55
89.8,136.7
89.9,136.85
90.0,137.0
90.1,137.15
90.2,137.3
90.3,137.45
90.4,137.6
90.5,137.75
90.6,137.9
90.7,138.05
90.8,138.2
90.9,138.35
91.0,138.5
91.1,138.65
91.2,138.8
91.3,138.95
91.4,139.1
91.5,139.25
91.6,139.4
91.7,139.55
91.8,139.7
91.9,139.85
92.0,140.0
92.1,140.15
92.2,140.3
92.3,140.45
92.4,140.6
92.5,140.75
92.6,140.9
92.7,141.05
92.8,141.2
92.9,141.35
93.0,141.5
93.1,141.65
93.2,141.8
93.3,141.95
93.4,142.1
93.5,142.25
93.6,142.4
93.7,142.55
93.8,142.7
93.9,142.85
94.0,143.0
94.1,143.15
94.2,143.3
94.3,143.45
94.4,143.6
94.5,143.75
94.6,143.9
94.7,144.05
94.8,144.2
94.9,144.35
95.0,144.5
95.1,144.65
95.2,144.8
95.3,144.95
95.4,145.1
95.5,145.25
95.6,145.4
95.7,145.55
95.8,145.7
95.9,145.85
96.0,146.0
96.1,146.15
96.2,146.3
96.3,146.45
96.4,146.6
96.5,146.75
96.6,146.9
96.7,147.05
96.8,147.2
96.9,147.35
97.0,147.5
97.1,147.65
97.2,147.8
97.3,147.95
97.4,148.1
97.5,148.25
97.6,148.4
97.7,148.55
97.8,148.7
97.9,148.85
98.0,149.0
98.1,149.15
98.2,149.3
98.3,149.45
98.4,149.6
98.5,149.75
98.6,149.9
98.7,150.05
98.8,150.2
98.9,150.35
99.0,150.5
99.1,150.65
99.2,150.8
99.3,150.95
99.4,151.1
99.5,151.25
99.6,151.4
99.7,151.55
99.8,151.7
99.9,151.85
