x0,x1,x2,x3,x4,x5,x6,x7,x8,x9,y
0.0,0.01,0.02,0.03,0.04,0.05,0.06,0.07,0.08,0.09,0.064
0.01,0.02,0.03,0.04,0.05,0.06,0.07,0.08,0.09,0.1,0.0921
0.02,0.03,0.04,0.05,0.06,0.07,0.08,0.09,0.1,0.11,0.1204
0.03,0.04,0.05,0.06,0.07,0.08,0.09,0.1,0.11,0.12,0.1489
0.04,0.05,0.06,0.07,0.08,0.09,0.1,0.11,0.12,0.13,0.1776
0.05,0.06,0.07,0.08,0.09,0.1,0.11,0.12,0.13,0.14,0.2065
0.06,0.07,0.08,0.09,0.1,0.11,0.12,0.13,0.14,0.15,0.2356
0.07,0.08,0.09,0.1,0.11,0.12,0.13,0.14,0.15,0.16,0.2649
0.08,0.09,0.1,0.11,0.12,0.13,0.14,0.15,0.16,0.17,0.2944
0.09,0.1,0.11,0.12,0.13,0.14,0.15,0.16,0.17,0.18,0.3241
0.1,0.11,0.12,0.13,0.14,0.15,0.16,0.17,0.18,0.19,0.354
0.11,0.12,0.13,0.14,0.15,0.16,0.17,0.18,0.19,0.2,0.3841
0.12,0.13,0.14,0.15,0.16,0.17,0.18,0.19,0.2,0.21,0.4144
0.13,0.14,0.15,0.16,0.17,0.18,0.19,0.2,0.21,0.22,0.4449
0.14,0.15,0.16,0.17,0.18,0.19,0.2,0.21,0.22,0.23,0.4756
0.15,0.16,0.17,0.18,0.19,0.2,0.21,0.22,0.23,0.24,0.5065
0.16,0.17,0.18,0.19,0.2,0.21,0.22,0.23,0.24,0.25,0.5376
0.17,0.18,0.19,0.2,0.21,0.22,0.23,0.24,0.25,0.26,0.5689
0.18,0.19,0.2,0.21,0.22,0.23,0.24,0.25,0.26,0.27,0.6004
0.19,0.2,0.21,0.22,0.23,0.24,0.25,0.26,0.27,0.28,0.6321
0.2,0.21,0.22,0.23,0.24,0.25,0.26,0.27,0.28,0.29,0.664
0.21,0.22,0.23,0.24,0.25,0.26,0.27,0.28,0.29,0.3,0.6961
0.22,0.23,0.24,0.25,0.26,0.27,0.28,0.29,0.3,0.31,0.7284
0.23,0.24,0.25,0.26,0.27,0.28,0.29,0.3,0.31,0.32,0.7609
0.24,0.25,0.26,0.27,0.28,0.29,0.3,0.31,0.32,0.33,0.7936
0.25,0.26,0.27,0.28,0.29,0.3,0.31,0.32,0.33,0.34,0.8265
0.26,0.27,0.28,0.29,0.3,0.31,0.32,0.33,0.34,0.35,0.8596
0.27,0.28,0.29,0.3,0.31,0.32,0.33,0.34,0.35,0.36,0.8929
0.28,0.29,0.3,0.31,0.32,0.33,0.34,0.35,0.36,0.37,0.9264
0.29,0.3,0.31,0.32,0.33,0.34,0.35,0.36,0.37,0.38,0.9601
0.3,0.31,0.32,0.33,0.34,0.35,0.36,0.37,0.38,0.39,0.994
0.31,0.32,0.33,0.34,0.35,0.36,0.37,0.38,0.39,0.4,1.0281
0.32,0.33,0.34,0.35,0.36,0.37,0.38,0.39,0.4,0.41,1.0624
0.33,0.34,0.35,0.36,0.37,0.38,0.39,0.4,0.41,0.42,1.0969
0.34,0.35,0.36,0.37,0.38,0.39,0.4,0.41,0.42,0.43,1.1316
0.35,0.36,0.37,0.38,0.39,0.4,0.41,0.42,0.43,0.44,1.1665
0.36,0.37,0.38,0.39,0.4,0.41,0.42,0.43,0.44,0.45,1.2016
0.37,0.38,0.39,0.4,0.41,0.42,0.43,0.44,0.45,0.46,1.2369
0.38,0.39,0.4,0.41,0.42,0.43,0.44,0.45,0.46,0.47,1.2724
0.39,0.4,0.41,0.42,0.43,0.44,0.45,0.46,0.47,0.48,1.3081
0.4,0.41,0.42,0.43,0.44,0.45,0.46,0.47,0.48,0.49,1.344
0.41,0.42,0.43,0.44,0.45,0.46,0.47,0.48,0.49,0.5,1.3801
0.42,0.43,0.44,0.45,0.46,0.47,0.48,0.49,0.5,0.51,1.4164
0.43,0.44,0.45,0.46,0.47,0.48,0.49,0.5,0.51,0.52,1.4529
0.44,0.45,0.46,0.47,0.48,0.49,0.5,0.51,0.52,0.53,1.4896
0.45,0.46,0.47,0.48,0.49,0.5,0.51,0.52,0.53,0.54,1.5265
0.46,0.47,0.48,0.49,0.5,0.51,0.52,0.53,0.54,0.55,1.5636
0.47,0.48,0.49,0.5,0.51,0.52,0.53,0.54,0.55,0.56,1.6009
0.48,0.49,0.5,0.51,0.52,0.53,0.54,0.55,0.56,0.57,1.6384
0.49,0.5,0.51,0.52,0.53,0.54,0.55,0.56,0.57,0.58,1.6761
0.5,0.51,0.52,0.53,0.54,0.55,0.56,0.57,0.58,0.59,1.714
0.51,0.52,0.53,0.54,0.55,0.56,0.57,0.58,0.59,0.6,1.7521
0.52,0.53,0.54,0.55,0.56,0.57,0.58,0.59,0.6,0.61,1.7904
0.53,0.54,0.55,0.56,0.57,0.58,0.59,0.6,0.61,0.62,1.8289
0.54,0.55,0.56,0.57,0.58,0.59,0.6,0.61,0.62,0.63,1.8676
0.55,0.56,0.57,0.58,0.59,0.6,0.61,0.62,0.63,0.64,1.9065
0.56,0.57,0.58,0.59,0.6,0.61,0.62,0.63,0.64,0.65,1.9456
0.57,0.58,0.59,0.6,0.61,0.62,0.63,0.64,0.65,0.66,1.9849
0.58,0.59,0.6,0.61,0.62,0.63,0.64,0.65,0.66,0.67,2.0244
0.59,0.6,0.61,0.62,0.63,0.64,0.65,0.66,0.67,0.68,2.0641
0.6,0.61,0.62,0.63,0.64,0.65,0.66,0.67,0.68,0.69,2.104
0.61,0.62,0.63,0.64,0.65,0.66,0.67,0.68,0.69,0.7,2.1441
0.62,0.63,0.64,0.65,0.66,0.67,0.68,0.69,0.7,0.71,2.1844
0.63,0.64,0.65,0.66,0.67,0.68,0.69,0.7,0.71,0.72,2.2249
0.64,0.65,0.66,0.67,0.68,0.69,0.7,0.71,0.72,0.73,2.2656
0.65,0.66,0.67,0.68,0.69,0.7,0.71,0.72,0.73,0.74,2.3065
0.66,0.67,0.68,0.69,0.7,0.71,0.72,0.73,0.74,0.75,2.3476
0.67,0.68,0.69,0.7,0.71,0.72,0.73,0.74,0.75,0.76,2.3889
0.68,0.69,0.7,0.71,0.72,0.73,0.74,0.75,0.76,0.77,2.4304
0.69,0.7,0.71,0.72,0.73,0.74,0.75,0.76,0.77,0.78,2.4721
0.7,0.71,0.72,0.73,0.74,0.75,0.76,0.77,0.78,0.79,2.514
0.71,0.72,0.73,0.74,0.75,0.76,0.77,0.78,0.79,0.8,2.5561
0.72,0.73,0.74,0.75,0.76,0.77,0.78,0.79,0.8,0.81,2.5984
0.73,0.74,0.75,0.76,0.77,0.78,0.79,0.8,0.81,0.82,2.6409
0.74,0.75,0.76,0.77,0.78,0.79,0.8,0.81,0.82,0.83,2.6836
0.75,0.76,0.77,0.78,0.79,0.8,0.81,0.82,0.83,0.84,2.7265
0.76,0.77,0.78,0.79,0.8,0.81,0.82,0.83,0.84,0.85,2.7696
0.77,0.78,0.79,0.8,0.81,0.82,0.83,0.84,0.85,0.86,2.8129
0.78,0.79,0.8,0.81,0.82,0.83,0.84,0.85,0.86,0.87,2.8564
0.79,0.8,0.81,0.82,0.83,0.84,0.85,0.86,0.87,0.88,2.9001
0.8,0.81,0.82,0.83,0.84,0.85,0.86,0.87,0.88,0.89,2.944
0.81,0.82,0.83,0.84,0.85,0.86,0.87,0.88,0.89,0.9,2.9881
0.82,0.83,0.84,0.85,0.86,0.87,0.88,0.89,0.9,0.91,3.0324
0.83,0.84,0.85,0.86,0.87,0.88,0.89,0.9,0.91,0.92,3.0769
0.84,0.85,0.86,0.87,0.88,0.89,0.9,0.91,0.92,0.93,3.1216
0.85,0.86,0.87,0.88,0.89,0.9,0.91,0.92,0.93,0.94,3.1665
0.86,0.87,0.88,0.89,0.9,0.91,0.92,0.93,0.94,0.95,3.2116
0.87,0.88,0.89,0.9,0.91,0.92,0.93,0.94,0.95,0.96,3.2569
0.88,0.89,0.9,0.91,0.92,0.93,0.94,0.95,0.96,0.97,3.3024
0.89,0.9,0.91,0.92,0.93,0.94,0.95,0.96,0.97,0.98,3.3481
0.9,0.91,0.92,0.93,0.94,0.95,0.96,0.97,0.98,0.99,3.394
0.91,0.92,0.93,0.94,0.95,0.96,0.97,0.98,0.99,1.0,3.4401
0.92,0.93,0.94,0.95,0.96,0.97,0.98,0.99,1.0,1.01,3.4864
0.93,0.94,0.95,0.96,0.97,0.98,0.99,1.0,1.01,1.02,3.5329
0.94,0.95,0.96,0.97,0.98,0.99,1.0,1.01,1.02,1.03,3.5796
0.95,0.96,0.97,0.98,0.99,1.0,1.01,1.02,1.03,1.04,3.6265
0.96,0.97,0.98,0.99,1.0,1.01,1.02,1.03,1.04,1.05,3.6736
0.97,0.98,0.99,1.0,1.01,1.02,1.03,1.04,1.05,1.06,3.7209
0.98,0.99,1.0,1.01,1.02,1.03,1.04,1.05,1.06,1.07,3.7684
0.99,1.0,1.01,1.02,1.03,1.04,1.05,1.06,1.07,1.08,3.8161
1.0,1.01,1.02,1.03,1.04,1.05,1.06,1.07,1.08,1.09,3.864
1.01,1.02,1.03,1.04,1.05,1.06,1.07,1.08,1.09,1.1,3.9121
1.02,1.03,1.04,1.05,1.06,1.07,1.08,1.09,1.1,1.11,3.9604
1.03,1.04,1.05,1.06,1.07,1.08,1.09,1.1,1.11,1.12,4.0089
1.04,1.05,1.06,1.07,1.08,1.09,1.1,1.11,1.12,1.13,4.0576
1.05,1.06,1.07,1.08,1.09,1.1,1.11,1.12,1.13,1.14,4.1065
1.06,1.07,1.08,1.09,1.1,1.11,1.12,1.13,1.14,1.15,4.1556
1.07,1.08,1.09,1.1,1.11,1.12,1.13,1.14,1.15,1.16,4.2049
1.08,1.09,1.1,1.11,1.12,1.13,1.14,1.15,1.16,1.17,4.2544
1.09,1.1,1.11,1.12,1.13,1.14,1.15,1.16,1.17,1.18,4.3041
1.1,1.11,1.12,1.13,1.14,1.15,1.16,1.17,1.18,1.19,4.354
1.11,1.12,1.13,1.14,1.15,1.16,1.17,1.18,1.19,1.2,4.4041
1.12,1.13,1.14,1.15,1.16,1.17,1.18,1.19,1.2,1.21,4.4544
1.13,1.14,1.15,1.16,1.17,1.18,1.19,1.2,1.21,1.22,4.5049
1.14,1.15,1.16,1.17,1.18,1.19,1.2,1.21,1.22,1.23,4.5556
1.15,1.16,1.17,1.18,1.19,1.2,1.21,1.22,1.23,1.24,4.6065
1.16,1.17,1.18,1.19,1.2,1.21,1.22,1.23,1.24,1.25,4.6576
1.17,1.18,1.19,1.2,1.21,1.22,1.23,1.24,1.25,1.26,4.7089
1.18,1.19,1.2,1.21,1.22,1.23,1.24,1.25,1.26,1.27,4.7604
1.19,1.2,1.21,1.22,1.23,1.24,1.25,1.26,1.27,1.28,4.8121
1.2,1.21,1.22,1.23,1.24,1.25,1.26,1.27,1.28,1.29,4.864
1.21,1.22,1.23,1.24,1.25,1.26,1.27,1.28,1.29,1.3,4.9161
1.22,1.23,1.24,1.25,1.26,1.27,1.28,1.29,1.3,1.31,4.9684
1.23,1.24,1.25,1.26,1.27,1.28,1.29,1.3,1.31,1.32,5.0209
1.24,1.25,1.26,1.27,1.28,1.29,1.3,1.31,1.32,1.33,5.0736
1.25,1.26,1.27,1.28,1.29,1.3,1.31,1.32,1.33,1.34,5.1265
1.26,1.27,1.28,1.29,1.3,1.31,1.32,1.33,1.34,1.35,5.1796
1.27,1.28,1.29,1.3,1.31,1.32,1.33,1.34,1.35,1.36,5.2329
1.28,1.29,1.3,1.31,1.32,1.33,1.34,1.35,1.36,1.37,5.2864
1.29,1.3,1.31,1.32,1.33,1.34,1.35,1.36,1.37,1.38,5.3401
1.3,1.31,1.32,1.33,1.34,1.35,1.36,1.37,1.38,1.39,5.394
1.31,1.32,1.33,1.34,1.35,1.36,1.37,1.38,1.39,1.4,5.4481
1.32,1.33,1.34,1.35,1.36,1.37,1.38,1.39,1.4,1.41,5.5024
1.33,1.34,1.35,1.36,1.37,1.38,1.39,1.4,1.41,1.42,5.5569
1.34,1.35,1.36,1.37,1.38,1.39,1.4,1.41,1.42,1.43,5.6116
1.35,1.36,1.37,1.38,1.39,1.4,1.41,1.42,1.43,1.44,5.6665
1.36,1.37,1.38,1.39,1.4,1.41,1.42,1.43,1.44,1.45,5.7216
1.37,1.38,1.39,1.4,1.41,1.42,1.43,1.44,1.45,1.46,5.7769
1.38,1.39,1.4,1.41,1.42,1.43,1.44,1.45,1.46,1.47,5.8324
1.39,1.4,1.41,1.42,1.43,1.44,1.45,1.46,1.47,1.48,5.8881
1.4,1.41,1.42,1.43,1.44,1.45,1.46,1.47,1.48,1.49,5.944
1.41,1.42,1.43,1.44,1.45,1.46,1.47,1.48,1.49,1.5,6.0001
1.42,1.43,1.44,1.45,1.46,1.47,1.48,1.49,1.5,1.51,6.0564
1.43,1.44,1.45,1.46,1.47,1.48,1.49,1.5,1.51,1.52,6.1129
1.44,1.45,1.46,1.47,1.48,1.49,1.5,1.51,1.52,1.53,6.1696
1.45,1.46,1.47,1.48,1.49,1.5,1.51,1.52,1.53,1.54,6.2265
1.46,1.47,1.48,1.49,1.5,1.51,1.52,1.53,1.54,1.55,6.2836
1.47,1.48,1.49,1.5,1.51,1.52,1.53,1.54,1.55,1.56,6.3409
1.48,1.49,1.5,1.51,1.52,1.53,1.54,1.55,1.56,1.57,6.3984
1.49,1.5,1.51,1.52,1.53,1.54,1.55,1.56,1.57,1.58,6.4561
1.5,1.51,1.52,1.53,1.54,1.55,1.56,1.57,1.58,1.59,6.514
1.51,1.52,1.53,1.54,1.55,1.56,1.57,1.58,1.59,1.6,6.5721
1.52,1.53,1.54,1.55,1.56,1.57,1.58,1.59,1.6,1.61,6.6304
1.53,1.54,1.55,1.56,1.57,1.58,1.59,1.6,1.61,1.62,6.6889
1.54,1.55,1.56,1.57,1.58,1.59,1.6,1.61,1.62,1.63,6.7476
1.55,1.56,1.57,1.58,1.59,1.6,1.61,1.62,1.63,1.64,6.8065
1.56,1.57,1.58,1.59,1.6,1.61,1.62,1.63,1.64,1.65,6.8656
1.57,1.58,1.59,1.6,1.61,1.62,1.63,1.64,1.65,1.66,6.9249
1.58,1.59,1.6,1.61,1.62,1.63,1.64,1.65,1.66,1.67,6.9844
1.59,1.6,1.61,1.62,1.63,1.64,1.65,1.66,1.67,1.68,7.0441
1.6,1.61,1.62,1.63,1.64,1.65,1.66,1.67,1.68,1.69,7.104
1.61,1.62,1.63,1.64,1.65,1.66,1.67,1.68,1.69,1.7,7.1641
1.62,1.63,1.64,1.65,1.66,1.67,1.68,1.69,1.7,1.71,7.2244
1.63,1.64,1.65,1.66,1.67,1.68,1.69,1.7,1.71,1.72,7.2849
1.64,1.65,1.66,1.67,1.68,1.69,1.7,1.71,1.72,1.73,7.3456
1.65,1.66,1.67,1.68,1.69,1.7,1.71,1.72,1.73,1.74,7.4065
1.66,1.67,1.68,1.69,1.7,1.71,1.72,1.73,1.74,1.75,7.4676
1.67,1.68,1.69,1.7,1.71,1.72,1.73,1.74,1.75,1.76,7.5289
1.68,1.69,1.7,1.71,1.72,1.73,1.74,1.75,1.76,1.77,7.5904
1.69,1.7,1.71,1.72,1.73,1.74,1.75,1.76,1.77,1.78,7.6521
1.7,1.71,1.72,1.73,1.74,1.75,1.76,1.77,1.78,1.79,7.714
1.71,1.72,1.73,1.74,1.75,1.76,1.77,1.78,1.79,1.8,7.7761
1.72,1.73,1.74,1.75,1.76,1.77,1.78,1.79,1.8,1.81,7.8384
1.73,1.74,1.75,1.76,1.77,1.78,1.79,1.8,1.81,1.82,7.9009
1.74,1.75,1.76,1.77,1.78,1.79,1.8,1.81,1.82,1.83,7.9636
1.75,1.76,1.77,1.78,1.79,1.8,1.81,1.82,1.83,1.84,8.0265
1.76,1.77,1.78,1.79,1.8,1.81,1.82,1.83,1.84,1.85,8.0896
1.77,1.78,1.79,1.8,1.81,1.82,1.83,1.84,1.85,1.86,8.1529
1.78,1.79,1.8,1.81,1.82,1.83,1.84,1.85,1.86,1.87,8.2164
1.79,1.8,1.81,1.82,1.83,1.84,1.85,1.86,1.87,1.88,8.2801
1.8,1.81,1.82,1.83,1.84,1.85,1.86,1.87,1.88,1.89,8.344
1.81,1.82,1.83,1.84,1.85,1.86,1.87,1.88,1.89,1.9,8.4081
1.82,1.83,1.84,1.85,1.86,1.87,1.88,1.89,1.9,1.91,8.4724
1.83,1.84,1.85,1.86,1.87,1.88,1.89,1.9,1.91,1.92,8.5369
1.84,1.85,1.86,1.87,1.88,1.89,1.9,1.91,1.92,1.93,8.6016
1.85,1.86,1.87,1.88,1.89,1.9,1.91,1.92,1.93,1.94,8.6665
1.86,1.87,1.88,1.89,1.9,1.91,1.92,1.93,1.94,1.95,8.7316
1.87,1.88,1.89,1.9,1.91,1.92,1.93,1.94,1.95,1.96,8.7969
1.88,1.89,1.9,1.91,1.92,1.93,1.94,1.95,1.96,1.97,8.8624
1.89,1.9,1.91,1.92,1.93,1.94,1.95,1.96,1.97,1.98,8.9281
1.9,1.91,1.92,1.93,1.94,1.95,1.96,1.97,1.98,1.99,8.994
1.91,1.92,1.93,1.94,1.95,1.96,1.97,1.98,1.99,2.0,9.0601
1.92,1.93,1.94,1.95,1.96,1.97,1.98,1.99,2.0,2.01,9.1264
1.93,1.94,1.95,1.96,1.97,1.98,1.99,2.0,2.01,2.02,9.1929
1.94,1.95,1.96,1.97,1.98,1.99,2.0,2.01,2.02,2.03,9.2596
1.95,1.96,1.97,1.98,1.99,2.0,2.01,2.02,2.03,2.04,9.3265
1.96,1.97,1.98,1.99,2.0,2.01,2.02,2.03,2.04,2.05,9.3936
1.97,1.98,1.99,2.0,2.01,2.02,2.03,2.04,2.05,2.06,9.4609
1.98,1.99,2.0,2.01,2.02,2.03,2.04,2.05,2.06,2.07,9.5284
1.99,2.0,2.01,2.02,2.03,2.04,2.05,2.06,2.07,2.08,9.5961
2.0,2.01,2.02,2.03,2.04,2.05,2.06,2.07,2.08,2.09,9.664
2.01,2.02,2.03,2.04,2.05,2.06,2.07,2.08,2.09,2.1,9.7321
2.02,2.03,2.04,2.05,2.06,2.07,2.08,2.09,2.1,2.11,9.8004
2.03,2.04,2.05,2.06,2.07,2.08,2.09,2.1,2.11,2.12,9.8689
2.04,2.05,2.06,2.07,2.08,2.09,2.1,2.11,2.12,2.13,9.9376
2.05,2.06,2.07,2.08,2.09,2.1,2.11,2.12,2.13,2.14,10.0065
2.06,2.07,2.08,2.09,2.1,2.11,2.12,2.13,2.14,2.15,10.0756
2.07,2.08,2.09,2.1,2.11,2.12,2.13,2.14,2.15,2.16,10.1449
2.08,2.09,2.1,2.11,2.12,2.13,2.14,2.15,2.16,2.17,10.2144
2.09,2.1,2.11,2.12,2.13,2.14,2.15,2.16,2.17,2.18,10.2841
2.1,2.11,2.12,2.13,2.14,2.15,2.16,2.17,2.18,2.19,10.354
2.11,2.12,2.13,2.14,2.15,2.16,2.17,2.18,2.19,2.2,10.4241
2.12,2.13,2.14,2.15,2.16,2.17,2.18,2.19,2.2,2.21,10.4944
2.13,2.14,2.15,2.16,2.17,2.18,2.19,2.2,2.21,2.22,10.5649
2.14,2.15,2.16,2.17,2.18,2.19,2.2,2.21,2.22,2.23,10.6356
2.15,2.16,2.17,2.18,2.19,2.2,2.21,2.22,2.23,2.24,10.7065
2.16,2.17,2.18,2.19,2.2,2.21,2.22,2.23,2.24,2.25,10.7776
2.17,2.18,2.19,2.2,2.21,2.22,2.23,2.24,2.25,2.26,10.8489
2.18,2.19,2.2,2.21,2.22,2.23,2.24,2.25,2.26,2.27,10.9204
2.19,2.2,2.21,2.22,2.23,2.24,2.25,2.26,2.27,2.28,10.9921
2.2,2.21,2.22,2.23,2.24,2.25,2.26,2.27,2.28,2.29,11.064
2.21,2.22,2.23,2.24,2.25,2.26,2.27,2.28,2.29,2.3,11.1361
2.22,2.23,2.24,2.25,2.26,2.27,2.28,2.29,2.3,2.31,11.2084
2.23,2.24,2.25,2.26,2.27,2.28,2.29,2.3,2.31,2.32,11.2809
2.24,2.25,2.26,2.27,2.28,2.29,2.3,2.31,2.32,2.33,11.3536
2.25,2.26,2.27,2.28,2.29,2.3,2.31,2.32,2.33,2.34,11.4265
2.26,2.27,2.28,2.29,2.3,2.31,2.32,2.33,2.34,2.35,11.4996
2.27,2.28,2.29,2.3,2.31,2.32,2.33,2.34,2.35,2.36,11.5729
2.28,2.29,2.3,2.31,2.32,2.33,2.34,2.35,2.36,2.37,11.6464
2.29,2.3,2.31,2.32,2.33,2.34,2.35,2.36,2.37,2.38,11.7201
2.3,2.31,2.32,2.33,2.34,2.35,2.36,2.37,2.38,2.39,11.794
2.31,2.32,2.33,2.34,2.35,2.36,2.37,2.38,2.39,2.4,11.8681
2.32,2.33,2.34,2.35,2.36,2.37,2.38,2.39,2.4,2.41,11.9424
2.33,2.34,2.35,2.36,2.37,2.38,2.39,2.4,2.41,2.42,12.0169
2.34,2.35,2.36,2.37,2.38,2.39,2.4,2.41,2.42,2.43,12.0916
2.35,2.36,2.37,2.38,2.39,2.4,2.41,2.42,2.43,2.44,12.1665
2.36,2.37,2.38,2.39,2.4,2.41,2.42,2.43,2.44,2.45,12.2416
2.37,2.38,2.39,2.4,2.41,2.42,2.43,2.44,2.45,2.46,12.3169
2.38,2.39,2.4,2.41,2.42,2.43,2.44,2.45,2.46,2.47,12.3924
2.39,2.4,2.41,2.42,2.43,2.44,2.45,2.46,2.47,2.48,12.4681
2.4,2.41,2.42,2.43,2.44,2.45,2.46,2.47,2.48,2.49,12.544
2.41,2.42,2.43,2.44,2.45,2.46,2.47,2.48,2.49,2.5,12.6201
2.42,2.43,2.44,2.45,2.46,2.47,2.48,2.49,2.5,2.51,12.6964
2.43,2.44,2.45,2.46,2.47,2.48,2.49,2.5,2.51,2.52,12.7729
2.44,2.45,2.46,2.47,2.48,2.49,2.5,2.51,2.52,2.53,12.8496
2.45,2.46,2.47,2.48,2.49,2.5,2.51,2.52,2.53,2.54,12.9265
2.46,2.47,2.48,2.49,2.5,2.51,2.52,2.53,2.54,2.55,13.0036
2.47,2.48,2.49,2.5,2.51,2.52,2.53,2.54,2.55,2.56,13.0809
2.48,2.49,2.5,2.51,2.52,2.53,2.54,2.55,2.56,2.57,13.1584
2.49,2.5,2.51,2.52,2.53,2.54,2.55,2.56,2.57,2.58,13.2361
2.5,2.51,2.52,2.53,2.54,2.55,2.56,2.57,2.58,2.59,13.314
2.51,2.52,2.53,2.54,2.55,2.56,2.57,2.58,2.59,2.6,13.3921
2.52,2.53,2.54,2.55,2.56,2.57,2.58,2.59,2.6,2.61,13.4704
2.53,2.54,2.55,2.56,2.57,2.58,2.59,2.6,2.61,2.62,13.5489
2.54,2.55,2.56,2.57,2.58,2.59,2.6,2.61,2.62,2.63,13.6276
2.55,2.56,2.57,2.58,2.59,2.6,2.61,2.62,2.63,2.64,13.7065
2.56,2.57,2.58,2.59,2.6,2.61,2.62,2.63,2.64,2.65,13.7856
2.57,2.58,2.59,2.6,2.61,2.62,2.63,2.64,2.65,2.66,13.8649
2.58,2.59,2.6,2.61,2.62,2.63,2.64,2.65,2.66,2.67,13.9444
2.59,2.6,2.61,2.62,2.63,2.64,2.65,2.66,2.67,2.68,14.0241
2.6,2.61,2.62,2.63,2.64,2.65,2.66,2.67,2.68,2.69,14.104
2.61,2.62,2.63,2.64,2.65,2.66,2.67,2.68,2.69,2.7,14.1841
2.62,2.63,2.64,2.65,2.66,2.67,2.68,2.69,2.7,2.71,14.2644
2.63,2.64,2.65,2.66,2.67,2.68,2.69,2.7,2.71,2.72,14.3449
2.64,2.65,2.66,2.67,2.68,2.69,2.7,2.71,2.72,2.73,14.4256
2.65,2.66,2.67,2.68,2.69,2.7,2.71,2.72,2.73,2.74,14.5065
2.66,2.67,2.68,2.69,2.7,2.71,2.72,2.73,2.74,2.75,14.5876
2.67,2.68,2.69,2.7,2.71,2.72,2.73,2.74,2.75,2.76,14.6689
2.68,2.69,2.7,2.71,2.72,2.73,2.74,2.75,2.76,2.77,14.7504
2.69,2.7,2.71,2.72,2.73,2.74,2.75,2.76,2.77,2.78,14.8321
2.7,2.71,2.72,2.73,2.74,2.75,2.76,2.77,2.78,2.79,14.914
2.71,2.72,2.73,2.74,2.75,2.76,2.77,2.78,2.79,2.8,14.9961
2.72,2.73,2.74,2.75,2.76,2.77,2.78,2.79,2.8,2.81,15.0784
2.73,2.74,2.75,2.76,2.77,2.78,2.79,2.8,2.81,2.82,15.1609
2.74,2.75,2.76,2.77,2.78,2.79,2.8,2.81,2.82,2.83,15.2436
2.75,2.76,2.77,2.78,2.79,2.8,2.81,2.82,2.83,2.84,15.3265
2.76,2.77,2.78,2.79,2.8,2.81,2.82,2.83,2.84,2.85,15.4096
2.77,2.78,2.79,2.8,2.81,2.82,2.83,2.84,2.85,2.86,15.4929
2.78,2.79,2.8,2.81,2.82,2.83,2.84,2.85,2.86,2.87,15.5764
2.79,2.8,2.81,2.82,2.83,2.84,2.85,2.86,2.87,2.88,15.6601
2.8,2.81,2.82,2.83,2.84,2.85,2.86,2.87,2.88,2.89,15.744
2.81,2.82,2.83,2.84,2.85,2.86,2.87,2.88,2.89,2.9,15.8281
2.82,2.83,2.84,2.85,2.86,2.87,2.88,2.89,2.9,2.91,15.9124
2.83,2.84,2.85,2.86,2.87,2.88,2.89,2.9,2.91,2.92,15.9969
2.84,2.85,2.86,2.87,2.88,2.89,2.9,2.91,2.92,2.93,16.0816
2.85,2.86,2.87,2.88,2.89,2.9,2.91,2.92,2.93,2.94,16.1665
2.86,2.87,2.88,2.89,2.9,2.91,2.92,2.93,2.94,2.95,16.2516
2.87,2.88,2.89,2.9,2.91,2.92,2.93,2.94,2.95,2.96,16.3369
2.88,2.89,2.9,2.91,2.92,2.93,2.94,2.95,2.96,2.97,16.4224
2.89,2.9,2.91,2.92,2.93,2.94,2.95,2.96,2.97,2.98,16.5081
2.9,2.91,2.92,2.93,2.94,2.95,2.96,2.97,2.98,2.99,16.594
2.91,2.92,2.93,2.94,2.95,2.96,2.97,2.98,2.99,3.0,16.6801
2.92,2.93,2.94,2.95,2.96,2.97,2.98,2.99,3.0,3.01,16.7664
2.93,2.94,2.95,2.96,2.97,2.98,2.99,3.0,3.01,3.02,16.8529
2.94,2.95,2.96,2.97,2.98,2.99,3.0,3.01,3.02,3.03,16.9396
2.95,2.96,2.97,2.98,2.99,3.0,3.01,3.02,3.03,3.04,17.0265
2.96,2.97,2.98,2.99,3.0,3.01,3.02,3.03,3.04,3.05,17.1136
2.97,2.98,2.99,3.0,3.01,3.02,3.03,3.04,3.05,3.06,17.2009
2.98,2.99,3.0,3.01,3.02,3.03,3.04,3.05,3.06,3.07,17.2884
2.99,3.0,3.01,3.02,3.03,3.04,3.05,3.06,3.07,3.08,17.3761
3.0,3.01,3.02,3.03,3.04,3.05,3.06,3.07,3.08,3.09,17.464
3.01,3.02,3.03,3.04,3.05,3.06,3.07,3.08,3.09,3.1,17.5521
3.02,3.03,3.04,3.05,3.06,3.07,3.08,3.09,3.1,3.11,17.6404
3.03,3.04,3.05,3.06,3.07,3.08,3.09,3.1,3.11,3.12,17.7289
3.04,3.05,3.06,3.07,3.08,3.09,3.1,3.11,3.12,3.13,17.8176
3.05,3.06,3.07,3.08,3.09,3.1,3.11,3.12,3.13,3.14,17.9065
3.06,3.07,3.08,3.09,3.1,3.11,3.12,3.13,3.14,3.15,17.9956
3.07,3.08,3.09,3.1,3.11,3.12,3.13,3.14,3.15,3.16,18.0849
3.08,3.09,3.1,3.11,3.12,3.13,3.14,3.15,3.16,3.17,18.1744
3.09,3.1,3.11,3.12,3.13,3.14,3.15,3.16,3.17,3.18,18.2641
3.1,3.11,3.12,3.13,3.14,3.15,3.16,3.17,3.18,3.19,18.354
3.11,3.12,3.13,3.14,3.15,3.16,3.17,3.18,3.19,3.2,18.4441
3.12,3.13,3.14,3.15,3.16,3.17,3.18,3.19,3.2,3.21,18.5344
3.13,3.14,3.15,3.16,3.17,3.18,3.19,3.2,3.21,3.22,18.6249
3.14,3.15,3.16,3.17,3.18,3.19,3.2,3.21,3.22,3.23,18.7156
3.15,3.16,3.17,3.18,3.19,3.2,3.21,3.22,3.23,3.24,18.8065
3.16,3.17,3.18,3.19,3.2,3.21,3.22,3.23,3.24,3.25,18.8976
3.17,3.18,3.19,3.2,3.21,3.22,3.23,3.24,3.25,3.26,18.9889
3.18,3.19,3.2,3.21,3.22,3.23,3.24,3.25,3.26,3.27,19.0804
3.19,3.2,3.21,3.22,3.23,3.24,3.25,3.26,3.27,3.28,19.1721
3.2,3.21,3.22,3.23,3.24,3.25,3.26,3.27,3.28,3.29,19.264
3.21,3.22,3.23,3.24,3.25,3.26,3.27,3.28,3.29,3.3,19.3561
3.22,3.23,3.24,3.25,3.26,3.27,3.28,3.29,3.3,3.31,19.4484
3.23,3.24,3.25,3.26,3.27,3.28,3.29,3.3,3.31,3.32,19.5409
3.24,3.25,3.26,3.27,3.28,3.29,3.3,3.31,3.32,3.33,19.6336
3.25,3.26,3.27,3.28,3.29,3.3,3.31,3.32,3.33,3.34,19.7265
3.26,3.27,3.28,3.29,3.3,3.31,3.32,3.33,3.34,3.35,19.8196
3.27,3.28,3.29,3.3,3.31,3.32,3.33,3.34,3.35,3.36,19.9129
3.28,3.29,3.3,3.31,3.32,3.33,3.34,3.35,3.36,3.37,20.0064
3.29,3.3,3.31,3.32,3.33,3.34,3.35,3.36,3.37,3.38,20.1001
3.3,3.31,3.32,3.33,3.34,3.35,3.36,3.37,3.38,3.39,20.194
3.31,3.32,3.33,3.34,3.35,3.36,3.37,3.38,3.39,3.4,20.2881
3.32,3.33,3.34,3.35,3.36,3.37,3.38,3.39,3.4,3.41,20.3824
3.33,3.34,3.35,3.36,3.37,3.38,3.39,3.4,3.41,3.42,20.4769
3.34,3.35,3.36,3.37,3.38,3.39,3.4,3.41,3.42,3.43,20.5716
3.35,3.36,3.37,3.38,3.39,3.4,3.41,3.42,3.43,3.44,20.6665
3.36,3.37,3.38,3.39,3.4,3.41,3.42,3.43,3.44,3.45,20.7616
3.37,3.38,3.39,3.4,3.41,3.42,3.43,3.44,3.45,3.46,20.8569
3.38,3.39,3.4,3.41,3.42,3.43,3.44,3.45,3.46,3.47,20.9524
3.39,3.4,3.41,3.42,3.43,3.44,3.45,3.46,3.47,3.48,21.0481
3.4,3.41,3.42,3.43,3.44,3.45,3.46,3.47,3.48,3.49,21.144
3.41,3.42,3.43,3.44,3.45,3.46,3.47,3.48,3.49,3.5,21.2401
3.42,3.43,3.44,3.45,3.46,3.47,3.48,3.49,3.5,3.51,21.3364
3.43,3.44,3.45,3.46,3.47,3.48,3.49,3.5,3.51,3.52,21.4329
3.44,3.45,3.46,3.47,3.48,3.49,3.5,3.51,3.52,3.53,21.5296
3.45,3.46,3.47,3.48,3.49,3.5,3.51,3.52,3.53,3.54,21.6265
3.46,3.47,3.48,3.49,3.5,3.51,3.52,3.53,3.54,3.55,21.7236
3.47,3.48,3.49,3.5,3.51,3.52,3.53,3.54,3.55,3.56,21.8209
3.48,3.49,3.5,3.51,3.52,3.53,3.54,3.55,3.56,3.57,21.9184
3.49,3.5,3.51,3.52,3.53,3.54,3.55,3.56,3.57,3.58,22.0161
3.5,3.51,3.52,3.53,3.54,3.55,3.56,3.57,3.58,3.59,22.114
3.51,3.52,3.53,3.54,3.55,3.56,3.57,3.58,3.59,3.6,22.2121
3.52,3.53,3.54,3.55,3.56,3.57,3.58,3.59,3.6,3.61,22.3104
3.53,3.54,3.55,3.56,3.57,3.58,3.59,3.6,3.61,3.62,22.4089
3.54,3.55,3.56,3.57,3.58,3.59,3.6,3.61,3.62,3.63,22.5076
3.55,3.56,3.57,3.58,3.59,3.6,3.61,3.62,3.63,3.64,22.6065
3.56,3.57,3.58,3.59,3.6,3.61,3.62,3.63,3.64,3.65,22.7056
3.57,3.58,3.59,3.6,3.61,3.62,3.63,3.64,3.65,3.66,22.8049
3.58,3.59,3.6,3.61,3.62,3.63,3.64,3.65,3.66,3.67,22.9044
3.59,3.6,3.61,3.62,3.63,3.64,3.65,3.66,3.67,3.68,23.0041
3.6,3.61,3.62,3.63,3.64,3.65,3.66,3.67,3.68,3.69,23.104
3.61,3.62,3.63,3.64,3.65,3.66,3.67,3.68,3.69,3.7,23.2041
3.62,3.63,3.64,3.65,3.66,3.67,3.68,3.69,3.7,3.71,23.3044
3.63,3.64,3.65,3.66,3.67,3.68,3.69,3.7,3.71,3.72,23.4049
3.64,3.65,3.66,3.67,3.68,3.69,3.7,3.71,3.72,3.73,23.5056
3.65,3.66,3.67,3.68,3.69,3.7,3.71,3.72,3.73,3.74,23.6065
3.66,3.67,3.68,3.69,3.7,3.71,3.72,3.73,3.74,3.75,23.7076
3.67,3.68,3.69,3.7,3.71,3.72,3.73,3.74,3.75,3.76,23.8089
3.68,3.69,3.7,3.71,3.72,3.73,3.74,3.75,3.76,3.77,23.9104
3.69,3.7,3.71,3.72,3.73,3.74,3.75,3.76,3.77,3.78,24.0121
3.7,3.71,3.72,3.73,3.74,3.75,3.76,3.77,3.78,3.79,24.114
3.71,3.72,3.73,3.74,3.75,3.76,3.77,3.78,3.79,3.8,24.2161
3.72,3.73,3.74,3.75,3.76,3.77,3.78,3.79,3.8,3.81,24.3184
3.73,3.74,3.75,3.76,3.77,3.78,3.79,3.8,3.81,3.82,24.4209
3.74,3.75,3.76,3.77,3.78,3.79,3.8,3.81,3.82,3.83,24.5236
3.75,3.76,3.77,3.78,3.79,3.8,3.81,3.82,3.83,3.84,24.6265
3.76,3.77,3.78,3.79,3.8,3.81,3.82,3.83,3.84,3.85,24.7296
3.77,3.78,3.79,3.8,3.81,3.82,3.83,3.84,3.85,3.86,24.8329
3.78,3.79,3.8,3.81,3.82,3.83,3.84,3.85,3.86,3.87,24.9364
3.79,3.8,3.81,3.82,3.83,3.84,3.85,3.86,3.87,3.88,25.0401
3.8,3.81,3.82,3.83,3.84,3.85,3.86,3.87,3.88,3.89,25.144
3.81,3.82,3.83,3.84,3.85,3.86,3.87,3.88,3.89,3.9,25.2481
3.82,3.83,3.84,3.85,3.86,3.87,3.88,3.89,3.9,3.91,25.3524
3.83,3.84,3.85,3.86,3.87,3.88,3.89,3.9,3.91,3.92,25.4569
3.84,3.85,3.86,3.87,3.88,3.89,3.9,3.91,3.92,3.93,25.5616
3.85,3.86,3.87,3.88,3.89,3.9,3.91,3.92,3.93,3.94,25.6665
3.86,3.87,3.88,3.89,3.9,3.91,3.92,3.93,3.94,3.95,25.7716
3.87,3.88,3.89,3.9,3.91,3.92,3.93,3.94,3.95,3.96,25.8769
3.88,3.89,3.9,3.91,3.92,3.93,3.94,3.95,3.96,3.97,25.9824
3.89,3.9,3.91,3.92,3.93,3.94,3.95,3.96,3.97,3.98,26.0881
3.9,3.91,3.92,3.93,3.94,3.95,3.96,3.97,3.98,3.99,26.194
3.91,3.92,3.93,3.94,3.95,3.96,3.97,3.98,3.99,4.0,26.3001
3.92,3.93,3.94,3.95,3.96,3.97,3.98,3.99,4.0,4.01,26.4064
3.93,3.94,3.95,3.96,3.97,3.98,3.99,4.0,4.01,4.02,26.5129
3.94,3.95,3.96,3.97,3.98,3.99,4.0,4.01,4.02,4.03,26.6196
3.95,3.96,3.97,3.98,3.99,4.0,4.01,4.02,4.03,4.04,26.7265
3.96,3.97,3.98,3.99,4.0,4.01,4.02,4.03,4.04,4.05,26.8336
3.97,3.98,3.99,4.0,4.01,4.02,4.03,4.04,4.05,4.06,26.9409
3.98,3.99,4.0,4.01,4.02,4.03,4.04,4.05,4.06,4.07,27.0484
3.99,4.0,4.01,4.02,4.03,4.04,4.05,4.06,4.07,4.08,27.1561
4.0,4.01,4.02,4.03,4.04,4.05,4.06,4.07,4.08,4.09,27.264
4.01,4.02,4.03,4.04,4.05,4.06,4.07,4.08,4.09,4.1,27.3721
4.02,4.03,4.04,4.05,4.06,4.07,4.08,4.09,4.1,4.11,27.4804
4.03,4.04,4.05,4.06,4.07,4.08,4.09,4.1,4.11,4.12,27.5889
4.04,4.05,4.06,4.07,4.08,4.09,4.1,4.11,4.12,4.13,27.6976
4.05,4.06,4.07,4.08,4.09,4.1,4.11,4.12,4.13,4.14,27.8065
4.06,4.07,4.08,4.09,4.1,4.11,4.12,4.13,4.14,4.15,27.9156
4.07,4.08,4.09,4.1,4.11,4.12,4.13,4.14,4.15,4.16,28.0249
4.08,4.09,4.1,4.11,4.12,4.13,4.14,4.15,4.16,4.17,28.1344
4.09,4.1,4.11,4.12,4.13,4.14,4.15,4.16,4.17,4.18,28.2441
4.1,4.11,4.12,4.13,4.14,4.15,4.16,4.17,4.18,4.19,28.354
4.11,4.12,4.13,4.14,4.15,4.16,4.17,4.18,4.19,4.2,28.4641
4.12,4.13,4.14,4.15,4.16,4.17,4.18,4.19,4.2,4.21,28.5744
4.13,4.14,4.15,4.16,4.17,4.18,4.19,4.2,4.21,4.22,28.6849
4.14,4.15,4.16,4.17,4.18,4.19,4.2,4.21,4.22,4.23,28.7956
4.15,4.16,4.17,4.18,4.19,4.2,4.21,4.22,4.23,4.24,28.9065
4.16,4.17,4.18,4.19,4.2,4.21,4.22,4.23,4.24,4.25,29.0176
4.17,4.18,4.19,4.2,4.21,4.22,4.23,4.24,4.25,4.26,29.1289
4.18,4.19,4.2,4.21,4.22,4.23,4.24,4.25,4.26,4.27,29.2404
4.19,4.2,4.21,4.22,4.23,4.24,4.25,4.26,4.27,4.28,29.3521
4.2,4.21,4.22,4.23,4.24,4.25,4.26,4.27,4.28,4.29,29.464
4.21,4.22,4.23,4.24,4.25,4.26,4.27,4.28,4.29,4.3,29.5761
4.22,4.23,4.24,4.25,4.26,4.27,4.28,4.29,4.3,4.31,29.6884
4.23,4.24,4.25,4.26,4.27,4.28,4.29,4.3,4.31,4.32,29.8009
4.24,4.25,4.26,4.27,4.28,4.29,4.3,4.31,4.32,4.33,29.9136
4.25,4.26,4.27,4.28,4.29,4.3,4.31,4.32,4.33,4.34,30.0265
4.26,4.27,4.28,4.29,4.3,4.31,4.32,4.33,4.34,4.35,30.1396
4.27,4.28,4.29,4.3,4.31,4.32,4.33,4.34,4.35,4.36,30.2529
4.28,4.29,4.3,4.31,4.32,4.33,4.34,4.35,4.36,4.37,30.3664
4.29,4.3,4.31,4.32,4.33,4.34,4.35,4.36,4.37,4.38,30.4801
4.3,4.31,4.32,4.33,4.34,4.35,4.36,4.37,4.38,4.39,30.594
4.31,4.32,4.33,4.34,4.35,4.36,4.37,4.38,4.39,4.4,30.7081
4.32,4.33,4.34,4.35,4.36,4.37,4.38,4.39,4.4,4.41,30.8224
4.33,4.34,4.35,4.36,4.37,4.38,4.39,4.4,4.41,4.42,30.9369
4.34,4.35,4.36,4.37,4.38,4.39,4.4,4.41,4.42,4.43,31.0516
4.35,4.36,4.37,4.38,4.39,4.4,4.41,4.42,4.43,4.44,31.1665
4.36,4.37,4.38,4.39,4.4,4.41,4.42,4.43,4.44,4.45,31.2816
4.37,4.38,4.39,4.4,4.41,4.42,4.43,4.44,4.45,4.46,31.3969
4.38,4.39,4.4,4.41,4.42,4.43,4.44,4.45,4.46,4.47,31.5124
4.39,4.4,4.41,4.42,4.43,4.44,4.45,4.46,4.47,4.48,31.6281
4.4,4.41,4.42,4.43,4.44,4.45,4.46,4.47,4.48,4.49,31.744
4.41,4.42,4.43,4.44,4.45,4.46,4.47,4.48,4.49,4.5,31.8601
4.42,4.43,4.44,4.45,4.46,4.47,4.48,4.49,4.5,4.51,31.9764
4.43,4.44,4.45,4.46,4.47,4.48,4.49,4.5,4.51,4.52,32.0929
4.44,4.45,4.46,4.47,4.48,4.49,4.5,4.51,4.52,4.53,32.2096
4.45,4.46,4.47,4.48,4.49,4.5,4.51,4.52,4.53,4.54,32.3265
4.46,4.47,4.48,4.49,4.5,4.51,4.52,4.53,4.54,4.55,32.4436
4.47,4.48,4.49,4.5,4.51,4.52,4.53,4.54,4.55,4.56,32.5609
4.48,4.49,4.5,4.51,4.52,4.53,4.54,4.55,4.56,4.57,32.6784
4.49,4.5,4.51,4.52,4.53,4.54,4.55,4.56,4.57,4.58,32.7961
4.5,4.51,4.52,4.53,4.54,4.55,4.56,4.57,4.58,4.59,32.914
4.51,4.52,4.53,4.54,4.55,4.56,4.57,4.58,4.59,4.6,33.0321
4.52,4.53,4.54,4.55,4.56,4.57,4.58,4.59,4.6,4.61,33.1504
4.53,4.54,4.55,4.56,4.57,4.58,4.59,4.6,4.61,4.62,33.2689
4.54,4.55,4.56,4.57,4.58,4.59,4.6,4.61,4.62,4.63,33.3876
4.55,4.56,4.57,4.58,4.59,4.6,4.61,4.62,4.63,4.64,33.5065
4.56,4.57,4.58,4.59,4.6,4.61,4.62,4.63,4.64,4.65,33.6256
4.57,4.58,4.59,4.6,4.61,4.62,4.63,4.64,4.65,4.66,33.7449
4.58,4.59,4.6,4.61,4.62,4.63,4.64,4.65,4.66,4.67,33.8644
4.59,4.6,4.61,4.62,4.63,4.64,4.65,4.66,4.67,4.68,33.9841
4.6,4.61,4.62,4.63,4.64,4.65,4.66,4.67,4.68,4.69,34.104
4.61,4.62,4.63,4.64,4.65,4.66,4.67,4.68,4.69,4.7,34.2241
4.62,4.63,4.64,4.65,4.66,4.67,4.68,4.69,4.7,4.71,34.3444
4.63,4.64,4.65,4.66,4.67,4.68,4.69,4.7,4.71,4.72,34.4649
4.64,4.65,4.66,4.67,4.68,4.69,4.7,4.71,4.72,4.73,34.5856
4.65,4.66,4.67,4.68,4.69,4.7,4.71,4.72,4.73,4.74,34.7065
4.66,4.67,4.68,4.69,4.7,4.71,4.72,4.73,4.74,4.75,34.8276
4.67,4.68,4.69,4.7,4.71,4.72,4.73,4.74,4.75,4.76,34.9489
4.68,4.69,4.7,4.71,4.72,4.73,4.74,4.75,4.76,4.77,35.0704
4.69,4.7,4.71,4.72,4.73,4.74,4.75,4.76,4.77,4.78,35.1921
4.7,4.71,4.72,4.73,4.74,4.75,4.76,4.77,4.78,4.79,35.314
4.71,4.72,4.73,4.74,4.75,4.76,4.77,4.78,4.79,4.8,35.4361
4.72,4.73,4.74,4.75,4.76,4.77,4.78,4.79,4.8,4.81,35.5584
4.73,4.74,4.75,4.76,4.77,4.78,4.79,4.8,4.81,4.82,35.6809
4.74,4.75,4.76,4.77,4.78,4.79,4.8,4.81,4.82,4.83,35.8036
4.75,4.76,4.77,4.78,4.79,4.8,4.81,4.82,4.83,4.84,35.9265
4.76,4.77,4.78,4.79,4.8,4.81,4.82,4.83,4.84,4.85,36.0496
4.77,4.78,4.79,4.8,4.81,4.82,4.83,4.84,4.85,4.86,36.1729
4.78,4.79,4.8,4.81,4.82,4.83,4.84,4.85,4.86,4.87,36.2964
4.79,4.8,4.81,4.82,4.83,4.84,4.85,4.86,4.87,4.88,36.4201
4.8,4.81,4.82,4.83,4.84,4.85,4.86,4.87,4.88,4.89,36.544
4.81,4.82,4.83,4.84,4.85,4.86,4.87,4.88,4.89,4.9,36.6681
4.82,4.83,4.84,4.85,4.86,4.87,4.88,4.89,4.9,4.91,36.7924
4.83,4.84,4.85,4.86,4.87,4.88,4.89,4.9,4.91,4.92,36.9169
4.84,4.85,4.86,4.87,4.88,4.89,4.9,4.91,4.92,4.93,37.0416
4.85,4.86,4.87,4.88,4.89,4.9,4.91,4.92,4.93,4.94,37.1665
4.86,4.87,4.88,4.89,4.9,4.91,4.92,4.93,4.94,4.95,37.2916
4.87,4.88,4.89,4.9,4.91,4.92,4.93,4.94,4.95,4.96,37.4169
4.88,4.89,4.9,4.91,4.92,4.93,4.94,4.95,4.96,4.97,37.5424
4.89,4.9,4.91,4.92,4.93,4.94,4.95,4.96,4.97,4.98,37.6681
4.9,4.91,4.92,4.93,4.94,4.95,4.96,4.97,4.98,4.99,37.794
4.91,4.92,4.93,4.94,4.95,4.96,4.97,4.98,4.99,5.0,37.9201
4.92,4.93,4.94,4.95,4.96,4.97,4.98,4.99,5.0,5.01,38.0464
4.93,4.94,4.95,4.96,4.97,4.98,4.99,5.0,5.01,5.02,38.1729
4.94,4.95,4.96,4.97,4.98,4.99,5.0,5.01,5.02,5.03,38.2996
4.95,4.96,4.97,4.98,4.99,5.0,5.01,5.02,5.03,5.04,38.4265
4.96,4.97,4.98,4.99,5.0,5.01,5.02,5.03,5.04,5.05,38.5536
4.97,4.98,4.99,5.0,5.01,5.02,5.03,5.04,5.05,5.06,38.6809
4.98,4.99,5.0,5.01,5.02,5.03,5.04,5.05,5.06,5.07,38.8084
4.99,5.0,5.01,5.02,5.03,5.04,5.05,5.06,5.07,5.08,38.9361
5.0,5.01,5.02,5.03,5.04,5.05,5.06,5.07,5.08,5.09,39.064
5.01,5.02,5.03,5.04,5.05,5.06,5.07,5.08,5.09,5.1,39.1921
5.02,5.03,5.04,5.05,5.06,5.07,5.08,5.09,5.1,5.11,39.3204
5.03,5.04,5.05,5.06,5.07,5.08,5.09,5.1,5.11,5.12,39.4489
5.04,5.05,5.06,5.07,5.08,5.09,5.1,5.11,5.12,5.13,39.5776
5.05,5.06,5.07,5.08,5.09,5.1,5.11,5.12,5.13,5.14,39.7065
5.06,5.07,5.08,5.09,5.1,5.11,5.12,5.13,5.14,5.15,39.8356
5.07,5.08,5.09,5.1,5.11,5.12,5.13,5.14,5.15,5.16,39.9649
5.08,5.09,5.1,5.11,5.12,5.13,5.14,5.15,5.16,5.17,40.0944
5.09,5.1,5.11,5.12,5.13,5.14,5.15,5.16,5.17,5.18,40.2241
5.1,5.11,5.12,5.13,5.14,5.15,5.16,5.17,5.18,5.19,40.354
5.11,5.12,5.13,5.14,5.15,5.16,5.17,5.18,5.19,5.2,40.4841
5.12,5.13,5.14,5.15,5.16,5.17,5.18,5.19,5.2,5.21,40.6144
5.13,5.14,5.15,5.16,5.17,5.18,5.19,5.2,5.21,5.22,40.7449
5.14,5.15,5.16,5.17,5.18,5.19,5.2,5.21,5.22,5.23,40.8756
5.15,5.16,5.17,5.18,5.19,5.2,5.21,5.22,5.23,5.24,41.0065
5.16,5.17,5.18,5.19,5.2,5.21,5.22,5.23,5.24,5.25,41.1376
5.17,5.18,5.19,5.2,5.21,5.22,5.23,5.24,5.25,5.26,41.2689
5.18,5.19,5.2,5.21,5.22,5.23,5.24,5.25,5.26,5.27,41.4004
5.19,5.2,5.21,5.22,5.23,5.24,5.25,5.26,5.27,5.28,41.5321
5.2,5.21,5.22,5.23,5.24,5.25,5.26,5.27,5.28,5.29,41.664
5.21,5.22,5.23,5.24,5.25,5.26,5.27,5.28,5.29,5.3,41.7961
5.22,5.23,5.24,5.25,5.26,5.27,5.28,5.29,5.3,5.31,41.9284
5.23,5.24,5.25,5.26,5.27,5.28,5.29,5.3,5.31,5.32,42.0609
5.24,5.25,5.26,5.27,5.28,5.29,5.3,5.31,5.32,5.33,42.1936
5.25,5.26,5.27,5.28,5.29,5.3,5.31,5.32,5.33,5.34,42.3265
5.26,5.27,5.28,5.29,5.3,5.31,5.32,5.33,5.34,5.35,42.4596
5.27,5.28,5.29,5.3,5.31,5.32,5.33,5.34,5.35,5.36,42.5929
5.28,5.29,5.3,5.31,5.32,5.33,5.34,5.35,5.36,5.37,42.7264
5.29,5.3,5.31,5.32,5.33,5.34,5.35,5.36,5.37,5.38,42.8601
5.3,5.31,5.32,5.33,5.34,5.35,5.36,5.37,5.38,5.39,42.994
5.31,5.32,5.33,5.34,5.35,5.36,5.37,5.38,5.39,5.4,43.1281
5.32,5.33,5.34,5.35,5.36,5.37,5.38,5.39,5.4,5.41,43.2624
5.33,5.34,5.35,5.36,5.37,5.38,5.39,5.4,5.41,5.42,43.3969
5.34,5.35,5.36,5.37,5.38,5.39,5.4,5.41,5.42,5.43,43.5316
5.35,5.36,5.37,5.38,5.39,5.4,5.41,5.42,5.43,5.44,43.6665
5.36,5.37,5.38,5.39,5.4,5.41,5.42,5.43,5.44,5.45,43.8016
5.37,5.38,5.39,5.4,5.41,5.42,5.43,5.44,5.45,5.46,43.9369
5.38,5.39,5.4,5.41,5.42,5.43,5.44,5.45,5.46,5.47,44.0724
5.39,5.4,5.41,5.42,5.43,5.44,5.45,5.46,5.47,5.48,44.2081
5.4,5.41,5.42,5.43,5.44,5.45,5.46,5.47,5.48,5.49,44.344
5.41,5.42,5.43,5.44,5.45,5.46,5.47,5.48,5.49,5.5,44.4801
5.42,5.43,5.44,5.45,5.46,5.47,5.48,5.49,5.5,5.51,44.6164
5.43,5.44,5.45,5.46,5.47,5.48,5.49,5.5,5.51,5.52,44.7529
5.44,5.45,5.46,5.47,5.48,5.49,5.5,5.51,5.52,5.53,44.8896
5.45,5.46,5.47,5.48,5.49,5.5,5.51,5.52,5.53,5.54,45.0265
5.46,5.47,5.48,5.49,5.5,5.51,5.52,5.53,5.54,5.55,45.1636
5.47,5.48,5.49,5.5,5.51,5.52,5.53,5.54,5.55,5.56,45.3009
5.48,5.49,5.5,5.51,5.52,5.53,5.54,5.55,5.56,5.57,45.4384
5.49,5.5,5.51,5.52,5.53,5.54,5.55,5.56,5.57,5.58,45.5761
5.5,5.51,5.52,5.53,5.54,5.55,5.56,5.57,5.58,5.59,45.714
5.51,5.52,5.53,5.54,5.55,5.56,5.57,5.58,5.59,5.6,45.8521
5.52,5.53,5.54,5.55,5.56,5.57,5.58,5.59,5.6,5.61,45.9904
5.53,5.54,5.55,5.56,5.57,5.58,5.59,5.6,5.61,5.62,46.1289
5.54,5.55,5.56,5.57,5.58,5.59,5.6,5.61,5.62,5.63,46.2676
5.55,5.56,5.57,5.58,5.59,5.6,5.61,5.62,5.63,5.64,46.4065
5.56,5.57,5.58,5.59,5.6,5.61,5.62,5.63,5.64,5.65,46.5456
5.57,5.58,5.59,5.6,5.61,5.62,5.63,5.64,5.65,5.66,46.6849
5.58,5.59,5.6,5.61,5.62,5.63,5.64,5.65,5.66,5.67,46.8244
5.59,5.6,5.61,5.62,5.63,5.64,5.65,5.66,5.67,5.68,46.9641
5.6,5.61,5.62,5.63,5.64,5.65,5.66,5.67,5.68,5.69,47.104
5.61,5.62,5.63,5.64,5.65,5.66,5.67,5.68,5.69,5.7,47.2441
5.62,5.63,5.64,5.65,5.66,5.67,5.68,5.69,5.7,5.71,47.3844
5.63,5.64,5.65,5.66,5.67,5.68,5.69,5.7,5.71,5.72,47.5249
5.64,5.65,5.66,5.67,5.68,5.69,5.7,5.71,5.72,5.73,47.6656
5.65,5.66,5.67,5.68,5.69,5.7,5.71,5.72,5.73,5.74,47.8065
5.66,5.67,5.68,5.69,5.7,5.71,5.72,5.73,5.74,5.75,47.9476
5.67,5.68,5.69,5.7,5.71,5.72,5.73,5.74,5.75,5.76,48.0889
5.68,5.69,5.7,5.71,5.72,5.73,5.74,5.75,5.76,5.77,48.2304
5.69,5.7,5.71,5.72,5.73,5.74,5.75,5.76,5.77,5.78,48.3721
5.7,5.71,5.72,5.73,5.74,5.75,5.76,5.77,5.78,5.79,48.514
5.71,5.72,5.73,5.74,5.75,5.76,5.77,5.78,5.79,5.8,48.6561
5.72,5.73,5.74,5.75,5.76,5.77,5.78,5.79,5.8,5.81,48.7984
5.73,5.74,5.75,5.76,5.77,5.78,5.79,5.8,5.81,5.82,48.9409
5.74,5.75,5.76,5.77,5.78,5.79,5.8,5.81,5.82,5.83,49.0836
5.75,5.76,5.77,5.78,5.79,5.8,5.81,5.82,5.83,5.84,49.2265
5.76,5.77,5.78,5.79,5.8,5.81,5.82,5.83,5.84,5.85,49.3696
5.77,5.78,5.79,5.8,5.81,5.82,5.83,5.84,5.85,5.86,49.5129
5.78,5.79,5.8,5.81,5.82,5.83,5.84,5.85,5.86,5.87,49.6564
5.79,5.8,5.81,5.82,5.83,5.84,5.85,5.86,5.87,5.88,49.8001
5.8,5.81,5.82,5.83,5.84,5.85,5.86,5.87,5.88,5.89,49.944
5.81,5.82,5.83,5.84,5.85,5.86,5.87,5.88,5.89,5.9,50.0881
5.82,5.83,5.84,5.85,5.86,5.87,5.88,5.89,5.9,5.91,50.2324
5.83,5.84,5.85,5.86,5.87,5.88,5.89,5.9,5.91,5.92,50.3769
5.84,5.85,5.86,5.87,5.88,5.89,5.9,5.91,5.92,5.93,50.5216
5.85,5.86,5.87,5.88,5.89,5.9,5.91,5.92,5.93,5.94,50.6665
5.86,5.87,5.88,5.89,5.9,5.91,5.92,5.93,5.94,5.95,50.8116
5.87,5.88,5.89,5.9,5.91,5.92,5.93,5.94,5.95,5.96,50.9569
5.88,5.89,5.9,5.91,5.92,5.93,5.94,5.95,5.96,5.97,51.1024
5.89,5.9,5.91,5.92,5.93,5.94,5.95,5.96,5.97,5.98,51.2481
5.9,5.91,5.92,5.93,5.94,5.95,5.96,5.97,5.98,5.99,51.394
5.91,5.92,5.93,5.94,5.95,5.96,5.97,5.98,5.99,6.0,51.5401
5.92,5.93,5.94,5.95,5.96,5.97,5.98,5.99,6.0,6.01,51.6864
5.93,5.94,5.95,5.96,5.97,5.98,5.99,6.0,6.01,6.02,51.8329
5.94,5.95,5.96,5.97,5.98,5.99,6.0,6.01,6.02,6.03,51.9796
5.95,5.96,5.97,5.98,5.99,6.0,6.01,6.02,6.03,6.04,52.1265
5.96,5.97,5.98,5.99,6.0,6.01,6.02,6.03,6.04,6.05,52.2736
5.97,5.98,5.99,6.0,6.01,6.02,6.03,6.04,6.05,6.06,52.4209
5.98,5.99,6.0,6.01,6.02,6.03,6.04,6.05,6.06,6.07,52.5684
5.99,6.0,6.01,6.02,6.03,6.04,6.05,6.06,6.07,6.08,52.7161
6.0,6.01,6.02,6.03,6.04,6.05,6.06,6.07,6.08,6.09,52.864
6.01,6.02,6.03,6.04,6.05,6.06,6.07,6.08,6.09,6.1,53.0121
6.02,6.03,6.04,6.05,6.06,6.07,6.08,6.09,6.1,6.11,53.1604
6.03,6.04,6.05,6.06,6.07,6.08,6.09,6.1,6.11,6.12,53.3089
6.04,6.05,6.06,6.07,6.08,6.09,6.1,6.11,6.12,6.13,53.4576
6.05,6.06,6.07,6.08,6.09,6.1,6.11,6.12,6.13,6.14,53.6065
6.06,6.07,6.08,6.09,6.1,6.11,6.12,6.13,6.14,6.15,53.7556
6.07,6.08,6.09,6.1,6.11,6.12,6.13,6.14,6.15,6.16,53.9049
6.08,6.09,6.1,6.11,6.12,6.13,6.14,6.15,6.16,6.17,54.0544
6.09,6.1,6.11,6.12,6.13,6.14,6.15,6.16,6.17,6.18,54.2041
6.1,6.11,6.12,6.13,6.14,6.15,6.16,6.17,6.18,6.19,54.354
6.11,6.12,6.13,6.14,6.15,6.16,6.17,6.18,6.19,6.2,54.5041
6.12,6.13,6.14,6.15,6.16,6.17,6.18,6.19,6.2,6.21,54.6544
6.13,6.14,6.15,6.16,6.17,6.18,6.19,6.2,6.21,6.22,54.8049
6.14,6.15,6.16,6.17,6.18,6.19,6.2,6.21,6.22,6.23,54.9556
6.15,6.16,6.17,6.18,6.19,6.2,6.21,6.22,6.23,6.24,55.1065
6.16,6.17,6.18,6.19,6.2,6.21,6.22,6.23,6.24,6.25,55.2576
6.17,6.18,6.19,6.2,6.21,6.22,6.23,6.24,6.25,6.26,55.4089
6.18,6.19,6.2,6.21,6.22,6.23,6.24,6.25,6.26,6.27,55.5604
6.19,6.2,6.21,6.22,6.23,6.24,6.25,6.26,6.27,6.28,55.7121
6.2,6.21,6.22,6.23,6.24,6.25,6.26,6.27,6.28,6.29,55.864
6.21,6.22,6.23,6.24,6.25,6.26,6.27,6.28,6.29,6.3,56.0161
6.22,6.23,6.24,6.25,6.26,6.27,6.28,6.29,6.3,6.31,56.1684
6.23,6.24,6.25,6.26,6.27,6.28,6.29,6.3,6.31,6.32,56.3209
6.24,6.25,6.26,6.27,6.28,6.29,6.3,6.31,6.32,6.33,56.4736
6.25,6.26,6.27,6.28,6.29,6.3,6.31,6.32,6.33,6.34,56.6265
6.26,6.27,6.28,6.29,6.3,6.31,6.32,6.33,6.34,6.35,56.7796
6.27,6.28,6.29,6.3,6.31,6.32,6.33,6.34,6.35,6.36,56.9329
6.28,6.29,6.3,6.31,6.32,6.33,6.34,6.35,6.36,6.37,57.0864
6.29,6.3,6.31,6.32,6.33,6.34,6.35,6.36,6.37,6.38,57.2401
6.3,6.31,6.32,6.33,6.34,6.35,6.36,6.37,6.38,6.39,57.394
6.31,6.32,6.33,6.34,6.35,6.36,6.37,6.38,6.39,6.4,57.5481
6.32,6.33,6.34,6.35,6.36,6.37,6.38,6.39,6.4,6.41,57.7024
6.33,6.34,6.35,6.36,6.37,6.38,6.39,6.4,6.41,6.42,57.8569
6.34,6.35,6.36,6.37,6.38,6.39,6.4,6.41,6.42,6.43,58.0116
6.35,6.36,6.37,6.38,6.39,6.4,6.41,6.42,6.43,6.44,58.1665
6.36,6.37,6.38,6.39,6.4,6.41,6.42,6.43,6.44,6.45,58.3216
6.37,6.38,6.39,6.4,6.41,6.42,6.43,6.44,6.45,6.46,58.4769
6.38,6.39,6.4,6.41,6.42,6.43,6.44,6.45,6.46,6.47,58.6324
6.39,6.4,6.41,6.42,6.43,6.44,6.45,6.46,6.47,6.48,58.7881
6.4,6.41,6.42,6.43,6.44,6.45,6.46,6.47,6.48,6.49,58.944
6.41,6.42,6.43,6.44,6.45,6.46,6.47,6.48,6.49,6.5,59.1001
6.42,6.43,6.44,6.45,6.46,6.47,6.48,6.49,6.5,6.51,59.2564
6.43,6.44,6.45,6.46,6.47,6.48,6.49,6.5,6.51,6.52,59.4129
6.44,6.45,6.46,6.47,6.48,6.49,6.5,6.51,6.52,6.53,59.5696
6.45,6.46,6.47,6.48,6.49,6.5,6.51,6.52,6.53,6.54,59.7265
6.46,6.47,6.48,6.49,6.5,6.51,6.52,6.53,6.54,6.55,59.8836
6.47,6.48,6.49,6.5,6.51,6.52,6.53,6.54,6.55,6.56,60.0409
6.48,6.49,6.5,6.51,6.52,6.53,6.54,6.55,6.56,6.57,60.1984
6.49,6.5,6.51,6.52,6.53,6.54,6.55,6.56,6.57,6.58,60.3561
6.5,6.51,6.52,6.53,6.54,6.55,6.56,6.57,6.58,6.59,60.514
6.51,6.52,6.53,6.54,6.55,6.56,6.57,6.58,6.59,6.6,60.6721
6.52,6.53,6.54,6.55,6.56,6.57,6.58,6.59,6.6,6.61,60.8304
6.53,6.54,6.55,6.56,6.57,6.58,6.59,6.6,6.61,6.62,60.9889
6.54,6.55,6.56,6.57,6.58,6.59,6.6,6.61,6.62,6.63,61.1476
6.55,6.56,6.57,6.58,6.59,6.6,6.61,6.62,6.63,6.64,61.3065
6.56,6.57,6.58,6.59,6.6,6.61,6.62,6.63,6.64,6.65,61.4656
6.57,6.58,6.59,6.6,6.61,6.62,6.63,6.64,6.65,6.66,61.6249
6.58,6.59,6.6,6.61,6.62,6.63,6.64,6.65,6.66,6.67,61.7844
6.59,6.6,6.61,6.62,6.63,6.64,6.65,6.66,6.67,6.68,61.9441
6.6,6.61,6.62,6.63,6.64,6.65,6.66,6.67,6.68,6.69,62.104
6.61,6.62,6.63,6.64,6.65,6.66,6.67,6.68,6.69,6.7,62.2641
6.62,6.63,6.64,6.65,6.66,6.67,6.68,6.69,6.7,6.71,62.4244
6.63,6.64,6.65,6.66,6.67,6.68,6.69,6.7,6.71,6.72,62.5849
6.64,6.65,6.66,6.67,6.68,6.69,6.7,6.71,6.72,6.73,62.7456
6.65,6.66,6.67,6.68,6.69,6.7,6.71,6.72,6.73,6.74,62.9065
6.66,6.67,6.68,6.69,6.7,6.71,6.72,6.73,6.74,6.75,63.0676
6.67,6.68,6.69,6.7,6.71,6.72,6.73,6.74,6.75,6.76,63.2289
6.68,6.69,6.7,6.71,6.72,6.73,6.74,6.75,6.76,6.77,63.3904
6.69,6.7,6.71,6.72,6.73,6.74,6.75,6.76,6.77,6.78,63.5521
6.7,6.71,6.72,6.73,6.74,6.75,6.76,6.77,6.78,6.79,63.714
6.71,6.72,6.73,6.74,6.75,6.76,6.77,6.78,6.79,6.8,63.8761
6.72,6.73,6.74,6.75,6.76,6.77,6.78,6.79,6.8,6.81,64.0384
6.73,6.74,6.75,6.76,6.77,6.78,6.79,6.8,6.81,6.82,64.2009
6.74,6.75,6.76,6.77,6.78,6.79,6.8,6.81,6.82,6.83,64.3636
6.75,6.76,6.77,6.78,6.79,6.8,6.81,6.82,6.83,6.84,64.5265
6.76,6.77,6.78,6.79,6.8,6.81,6.82,6.83,6.84,6.85,64.6896
6.77,6.78,6.79,6.8,6.81,6.82,6.83,6.84,6.85,6.86,64.8529
6.78,6.79,6.8,6.81,6.82,6.83,6.84,6.85,6.86,6.87,65.0164
6.79,6.8,6.81,6.82,6.83,6.84,6.85,6.86,6.87,6.88,65.1801
6.8,6.81,6.82,6.83,6.84,6.85,6.86,6.87,6.88,6.89,65.344
6.81,6.82,6.83,6.84,6.85,6.86,6.87,6.88,6.89,6.9,65.5081
6.82,6.83,6.84,6.85,6.86,6.87,6.88,6.89,6.9,6.91,65.6724
6.83,6.84,6.85,6.86,6.87,6.88,6.89,6.9,6.91,6.92,65.8369
6.84,6.85,6.86,6.87,6.88,6.89,6.9,6.91,6.92,6.93,66.0016
6.85,6.86,6.87,6.88,6.89,6.9,6.91,6.92,6.93,6.94,66.1665
6.86,6.87,6.88,6.89,6.9,6.91,6.92,6.93,6.94,6.95,66.3316
6.87,6.88,6.89,6.9,6.91,6.92,6.93,6.94,6.95,6.96,66.4969
6.88,6.89,6.9,6.91,6.92,6.93,6.94,6.95,6.96,6.97,66.6624
6.89,6.9,6.91,6.92,6.93,6.94,6.95,6.96,6.97,6.98,66.8281
6.9,6.91,6.92,6.93,6.94,6.95,6.96,6.97,6.98,6.99,66.994
6.91,6.92,6.93,6.94,6.95,6.96,6.97,6.98,6.99,7.0,67.1601
6.92,6.93,6.94,6.95,6.96,6.97,6.98,6.99,7.0,7.01,67.3264
6.93,6.94,6.95,6.96,6.97,6.98,6.99,7.0,7.01,7.02,67.4929
6.94,6.95,6.96,6.97,6.98,6.99,7.0,7.01,7.02,7.03,67.6596
6.95,6.96,6.97,6.98,6.99,7.0,7.01,7.02,7.03,7.04,67.8265
6.96,6.97,6.98,6.99,7.0,7.01,7.02,7.03,7.04,7.05,67.9936
6.97,6.98,6.99,7.0,7.01,7.02,7.03,7.04,7.05,7.06,68.1609
6.98,6.99,7.0,7.01,7.02,7.03,7.04,7.05,7.06,7.07,68.3284
6.99,7.0,7.01,7.02,7.03,7.04,7.05,7.06,7.07,7.08,68.4961
7.0,7.01,7.02,7.03,7.04,7.05,7.06,7.07,7.08,7.09,68.664
7.01,7.02,7.03,7.04,7.05,7.06,7.07,7.08,7.09,7.1,68.8321
7.02,7.03,7.04,7.05,7.06,7.07,7.08,7.09,7.1,7.11,69.0004
7.03,7.04,7.05,7.06,7.07,7.08,7.09,7.1,7.11,7.12,69.1689
7.04,7.05,7.06,7.07,7.08,7.09,7.1,7.11,7.12,7.13,69.3376
7.05,7.06,7.07,7.08,7.09,7.1,7.11,7.12,7.13,7.14,69.5065
7.06,7.07,7.08,7.09,7.1,7.11,7.12,7.13,7.14,7.15,69.6756
7.07,7.08,7.09,7.1,7.11,7.12,7.13,7.14,7.15,7.16,69.8449
7.08,7.09,7.1,7.11,7.12,7.13,7.14,7.15,7.16,7.17,70.0144
7.09,7.1,7.11,7.12,7.13,7.14,7.15,7.16,7.17,7.18,70.1841
7.1,7.11,7.12,7.13,7.14,7.15,7.16,7.17,7.18,7.19,70.354
7.11,7.12,7.13,7.14,7.15,7.16,7.17,7.18,7.19,7.2,70.5241
7.12,7.13,7.14,7.15,7.16,7.17,7.18,7.19,7.2,7.21,70.6944
7.13,7.14,7.15,7.16,7.17,7.18,7.19,7.2,7.21,7.22,70.8649
7.14,7.15,7.16,7.17,7.18,7.19,7.2,7.21,7.22,7.23,71.0356
7.15,7.16,7.17,7.18,7.19,7.2,7.21,7.22,7.23,7.24,71.2065
7.16,7.17,7.18,7.19,7.2,7.21,7.22,7.23,7.24,7.25,71.3776
7.17,7.18,7.19,7.2,7.21,7.22,7.23,7.24,7.25,7.26,71.5489
7.18,7.19,7.2,7.21,7.22,7.23,7.24,7.25,7.26,7.27,71.7204
7.19,7.2,7.21,7.22,7.23,7.24,7.25,7.26,7.27,7.28,71.8921
7.2,7.21,7.22,7.23,7.24,7.25,7.26,7.27,7.28,7.29,72.064
7.21,7.22,7.23,7.24,7.25,7.26,7.27,7.28,7.29,7.3,72.2361
7.22,7.23,7.24,7.25,7.26,7.27,7.28,7.29,7.3,7.31,72.4084
7.23,7.24,7.25,7.26,7.27,7.28,7.29,7.3,7.31,7.32,72.5809
7.24,7.25,7.26,7.27,7.28,7.29,7.3,7.31,7.32,7.33,72.7536
7.25,7.26,7.27,7.28,7.29,7.3,7.31,7.32,7.33,7.34,72.9265
7.26,7.27,7.28,7.29,7.3,7.31,7.32,7.33,7.34,7.35,73.0996
7.27,7.28,7.29,7.3,7.31,7.32,7.33,7.34,7.35,7.36,73.2729
7.28,7.29,7.3,7.31,7.32,7.33,7.34,7.35,7.36,7.37,73.4464
7.29,7.3,7.31,7.32,7.33,7.34,7.35,7.36,7.37,7.38,73.6201
7.3,7.31,7.32,7.33,7.34,7.35,7.36,7.37,7.38,7.39,73.794
7.31,7.32,7.33,7.34,7.35,7.36,7.37,7.38,7.39,7.4,73.9681
7.32,7.33,7.34,7.35,7.36,7.37,7.38,7.39,7.4,7.41,74.1424
7.33,7.34,7.35,7.36,7.37,7.38,7.39,7.4,7.41,7.42,74.3169
7.34,7.35,7.36,7.37,7.38,7.39,7.4,7.41,7.42,7.43,74.4916
7.35,7.36,7.37,7.38,7.39,7.4,7.41,7.42,7.43,7.44,74.6665
7.36,7.37,7.38,7.39,7.4,7.41,7.42,7.43,7.44,7.45,74.8416
7.37,7.38,7.39,7.4,7.41,7.42,7.43,7.44,7.45,7.46,75.0169
7.38,7.39,7.4,7.41,7.42,7.43,7.44,7.45,7.46,7.47,75.1924
7.39,7.4,7.41,7.42,7.43,7.44,7.45,7.46,7.47,7.48,75.3681
7.4,7.41,7.42,7.43,7.44,7.45,7.46,7.47,7.48,7.49,75.544
7.41,7.42,7.43,7.44,7.45,7.46,7.47,7.48,7.49,7.5,75.7201
7.42,7.43,7.44,7.45,7.46,7.47,7.48,7.49,7.5,7.51,75.8964
7.43,7.44,7.45,7.46,7.47,7.48,7.49,7.5,7.51,7.52,76.0729
7.44,7.45,7.46,7.47,7.48,7.49,7.5,7.51,7.52,7.53,76.2496
7.45,7.46,7.47,7.48,7.49,7.5,7.51,7.52,7.53,7.54,76.4265
7.46,7.47,7.48,7.49,7.5,7.51,7.52,7.53,7.54,7.55,76.6036
7.47,7.48,7.49,7.5,7.51,7.52,7.53,7.54,7.55,7.56,76.7809
7.48,7.49,7.5,7.51,7.52,7.53,7.54,7.55,7.56,7.57,76.9584
7.49,7.5,7.51,7.52,7.53,7.54,7.55,7.56,7.57,7.58,77.1361
7.5,7.51,7.52,7.53,7.54,7.55,7.56,7.57,7.58,7.59,77.314
7.51,7.52,7.53,7.54,7.55,7.56,7.57,7.58,7.59,7.6,77.4921
7.52,7.53,7.54,7.55,7.56,7.57,7.58,7.59,7.6,7.61,77.6704
7.53,7.54,7.55,7.56,7.57,7.58,7.59,7.6,7.61,7.62,77.8489
7.54,7.55,7.56,7.57,7.58,7.59,7.6,7.61,7.62,7.63,78.0276
7.55,7.56,7.57,7.58,7.59,7.6,7.61,7.62,7.63,7.64,78.2065
7.56,7.57,7.58,7.59,7.6,7.61,7.62,7.63,7.64,7.65,78.3856
7.57,7.58,7.59,7.6,7.61,7.62,7.63,7.64,7.65,7.66,78.5649
7.58,7.59,7.6,7.61,7.62,7.63,7.64,7.65,7.66,7.67,78.7444
7.59,7.6,7.61,7.62,7.63,7.64,7.65,7.66,7.67,7.68,78.9241
7.6,7.61,7.62,7.63,7.64,7.65,7.66,7.67,7.68,7.69,79.104
7.61,7.62,7.63,7.64,7.65,7.66,7.67,7.68,7.69,7.7,79.2841
7.62,7.63,7.64,7.65,7.66,7.67,7.68,7.69,7.7,7.71,79.4644
7.63,7.64,7.65,7.66,7.67,7.68,7.69,7.7,7.71,7.72,79.6449
7.64,7.65,7.66,7.67,7.68,7.69,7.7,7.71,7.72,7.73,79.8256
7.65,7.66,7.67,7.68,7.69,7.7,7.71,7.72,7.73,7.74,80.0065
7.66,7.67,7.68,7.69,7.7,7.71,7.72,7.73,7.74,7.75,80.1876
7.67,7.68,7.69,7.7,7.71,7.72,7.73,7.74,7.75,7.76,80.3689
7.68,7.69,7.7,7.71,7.72,7.73,7.74,7.75,7.76,7.77,80.5504
7.69,7.7,7.71,7.72,7.73,7.74,7.75,7.76,7.77,7.78,80.7321
7.7,7.71,7.72,7.73,7.74,7.75,7.76,7.77,7.78,7.79,80.914
7.71,7.72,7.73,7.74,7.75,7.76,7.77,7.78,7.79,7.8,81.0961
7.72,7.73,7.74,7.75,7.76,7.77,7.78,7.79,7.8,7.81,81.2784
7.73,7.74,7.75,7.76,7.77,7.78,7.79,7.8,7.81,7.82,81.4609
7.74,7.75,7.76,7.77,7.78,7.79,7.8,7.81,7.82,7.83,81.6436
7.75,7.76,7.77,7.78,7.79,7.8,7.81,7.82,7.83,7.84,81.8265
7.76,7.77,7.78,7.79,7.8,7.81,7.82,7.83,7.84,7.85,82.0096
7.77,7.78,7.79,7.8,7.81,7.82,7.83,7.84,7.85,7.86,82.1929
7.78,7.79,7.8,7.81,7.82,7.83,7.84,7.85,7.86,7.87,82.3764
7.79,7.8,7.81,7.82,7.83,7.84,7.85,7.86,7.87,7.88,82.5601
7.8,7.81,7.82,7.83,7.84,7.85,7.86,7.87,7.88,7.89,82.744
7.81,7.82,7.83,7.84,7.85,7.86,7.87,7.88,7.89,7.9,82.9281
7.82,7.83,7.84,7.85,7.86,7.87,7.88,7.89,7.9,7.91,83.1124
7.83,7.84,7.85,7.86,7.87,7.88,7.89,7.9,7.91,7.92,83.2969
7.84,7.85,7.86,7.87,7.88,7.89,7.9,7.91,7.92,7.93,83.4816
7.85,7.86,7.87,7.88,7.89,7.9,7.91,7.92,7.93,7.94,83.6665
7.86,7.87,7.88,7.89,7.9,7.91,7.92,7.93,7.94,7.95,83.8516
7.87,7.88,7.89,7.9,7.91,7.92,7.93,7.94,7.95,7.96,84.0369
7.88,7.89,7.9,7.91,7.92,7.93,7.94,7.95,7.96,7.97,84.2224
7.89,7.9,7.91,7.92,7.93,7.94,7.95,7.96,7.97,7.98,84.4081
7.9,7.91,7.92,7.93,7.94,7.95,7.96,7.97,7.98,7.99,84.594
7.91,7.92,7.93,7.94,7.95,7.96,7.97,7.98,7.99,8.0,84.7801
7.92,7.93,7.94,7.95,7.96,7.97,7.98,7.99,8.0,8.01,84.9664
7.93,7.94,7.95,7.96,7.97,7.98,7.99,8.0,8.01,8.02,85.1529
7.94,7.95,7.96,7.97,7.98,7.99,8.0,8.01,8.02,8.03,85.3396
7.95,7.96,7.97,7.98,7.99,8.0,8.01,8.02,8.03,8.04,85.5265
7.96,7.97,7.98,7.99,8.0,8.01,8.02,8.03,8.04,8.05,85.7136
7.97,7.98,7.99,8.0,8.01,8.02,8.03,8.04,8.05,8.06,85.9009
7.98,7.99,8.0,8.01,8.02,8.03,8.04,8.05,8.06,8.07,86.0884
7.99,8.0,8.01,8.02,8.03,8.04,8.05,8.06,8.07,8.08,86.2761
8.0,8.01,8.02,8.03,8.04,8.05,8.06,8.07,8.08,8.09,86.464
8.01,8.02,8.03,8.04,8.05,8.06,8.07,8.08,8.09,8.1,86.6521
8.02,8.03,8.04,8.05,8.06,8.07,8.08,8.09,8.1,8.11,86.8404
8.03,8.04,8.05,8.06,8.07,8.08,8.09,8.1,8.11,8.12,87.0289
8.04,8.05,8.06,8.07,8.08,8.09,8.1,8.11,8.12,8.13,87.2176
8.05,8.06,8.07,8.08,8.09,8.1,8.11,8.12,8.13,8.14,87.4065
8.06,8.07,8.08,8.09,8.1,8.11,8.12,8.13,8.14,8.15,87.5956
8.07,8.08,8.09,8.1,8.11,8.12,8.13,8.14,8.15,8.16,87.7849
8.08,8.09,8.1,8.11,8.12,8.13,8.14,8.15,8.16,8.17,87.9744
8.09,8.1,8.11,8.12,8.13,8.14,8.15,8.16,8.17,8.18,88.1641
8.1,8.11,8.12,8.13,8.14,8.15,8.16,8.17,8.18,8.19,88.354
8.11,8.12,8.13,8.14,8.15,8.16,8.17,8.18,8.19,8.2,88.5441
8.12,8.13,8.14,8.15,8.16,8.17,8.18,8.19,8.2,8.21,88.7344
8.13,8.14,8.15,8.16,8.17,8.18,8.19,8.2,8.21,8.22,88.9249
8.14,8.15,8.16,8.17,8.18,8.19,8.2,8.21,8.22,8.23,89.1156
8.15,8.16,8.17,8.18,8.19,8.2,8.21,8.22,8.23,8.24,89.3065
8.16,8.17,8.18,8.19,8.2,8.21,8.22,8.23,8.24,8.25,89.4976
8.17,8.18,8.19,8.2,8.21,8.22,8.23,8.24,8.25,8.26,89.6889
8.18,8.19,8.2,8.21,8.22,8.23,8.24,8.25,8.26,8.27,89.8804
8.19,8.2,8.21,8.22,8.23,8.24,8.25,8.26,8.27,8.28,90.0721
8.2,8.21,8.22,8.23,8.24,8.25,8.26,8.27,8.28,8.29,90.264
8.21,8.22,8.23,8.24,8.25,8.26,8.27,8.28,8.29,8.3,90.4561
8.22,8.23,8.24,8.25,8.26,8.27,8.28,8.29,8.3,8.31,90.6484
8.23,8.24,8.25,8.26,8.27,8.28,8.29,8.3,8.31,8.32,90.8409
8.24,8.25,8.26,8.27,8.28,8.29,8.3,8.31,8.32,8.33,91.0336
8.25,8.26,8.27,8.28,8.29,8.3,8.31,8.32,8.33,8.34,91.2265
8.26,8.27,8.28,8.29,8.3,8.31,8.32,8.33,8.34,8.35,91.4196
8.27,8.28,8.29,8.3,8.31,8.32,8.33,8.34,8.35,8.36,91.6129
8.28,8.29,8.3,8.31,8.32,8.33,8.34,8.35,8.36,8.37,91.8064
8.29,8.3,8.31,8.32,8.33,8.34,8.35,8.36,8.37,8.38,92.0001
8.3,8.31,8.32,8.33,8.34,8.35,8.36,8.37,8.38,8.39,92.194
8.31,8.32,8.33,8.34,8.35,8.36,8.37,8.38,8.39,8.4,92.3881
8.32,8.33,8.34,8.35,8.36,8.37,8.38,8.39,8.4,8.41,92.5824
8.33,8.34,8.35,8.36,8.37,8.38,8.39,8.4,8.41,8.42,92.7769
8.34,8.35,8.36,8.37,8.38,8.39,8.4,8.41,8.42,8.43,92.9716
8.35,8.36,8.37,8.38,8.39,8.4,8.41,8.42,8.43,8.44,93.1665
8.36,8.37,8.38,8.39,8.4,8.41,8.42,8.43,8.44,8.45,93.3616
8.37,8.38,8.39,8.4,8.41,8.42,8.43,8.44,8.45,8.46,93.5569
8.38,8.39,8.4,8.41,8.42,8.43,8.44,8.45,8.46,8.47,93.7524
8.39,8.4,8.41,8.42,8.43,8.44,8.45,8.46,8.47,8.48,93.9481
8.4,8.41,8.42,8.43,8.44,8.45,8.46,8.47,8.48,8.49,94.144
8.41,8.42,8.43,8.44,8.45,8.46,8.47,8.48,8.49,8.5,94.3401
8.42,8.43,8.44,8.45,8.46,8.47,8.48,8.49,8.5,8.51,94.5364
8.43,8.44,8.45,8.46,8.47,8.48,8.49,8.5,8.51,8.52,94.7329
8.44,8.45,8.46,8.47,8.48,8.49,8.5,8.51,8.52,8.53,94.9296
8.45,8.46,8.47,8.48,8.49,8.5,8.51,8.52,8.53,8.54,95.1265
8.46,8.47,8.48,8.49,8.5,8.51,8.52,8.53,8.54,8.55,95.3236
8.47,8.48,8.49,8.5,8.51,8.52,8.53,8.54,8.55,8.56,95.5209
8.48,8.49,8.5,8.51,8.52,8.53,8.54,8.55,8.56,8.57,95.7184
8.49,8.5,8.51,8.52,8.53,8.54,8.55,8.56,8.57,8.58,95.9161
8.5,8.51,8.52,8.53,8.54,8.55,8.56,8.57,8.58,8.59,96.114
8.51,8.52,8.53,8.54,8.55,8.56,8.57,8.58,8.59,8.6,96.3121
8.52,8.53,8.54,8.55,8.56,8.57,8.58,8.59,8.6,8.61,96.5104
8.53,8.54,8.55,8.56,8.57,8.58,8.59,8.6,8.61,8.62,96.7089
8.54,8.55,8.56,8.57,8.58,8.59,8.6,8.61,8.62,8.63,96.9076
8.55,8.56,8.57,8.58,8.59,8.6,8.61,8.62,8.63,8.64,97.1065
8.56,8.57,8.58,8.59,8.6,8.61,8.62,8.63,8.64,8.65,97.3056
8.57,8.58,8.59,8.6,8.61,8.62,8.63,8.64,8.65,8.66,97.5049
8.58,8.59,8.6,8.61,8.62,8.63,8.64,8.65,8.66,8.67,97.7044
8.59,8.6,8.61,8.62,8.63,8.64,8.65,8.66,8.67,8.68,97.9041
8.6,8.61,8.62,8.63,8.64,8.65,8.66,8.67,8.68,8.69,98.104
8.61,8.62,8.63,8.64,8.65,8.66,8.67,8.68,8.69,8.7,98.3041
8.62,8.63,8.64,8.65,8.66,8.67,8.68,8.69,8.7,8.71,98.5044
8.63,8.64,8.65,8.66,8.67,8.68,8.69,8.7,8.71,8.72,98.7049
8.64,8.65,8.66,8.67,8.68,8.69,8.7,8.71,8.72,8.73,98.9056
8.65,8.66,8.67,8.68,8.69,8.7,8.71,8.72,8.73,8.74,99.1065
8.66,8.67,8.68,8.69,8.7,8.71,8.72,8.73,8.74,8.75,99.3076
8.67,8.68,8.69,8.7,8.71,8.72,8.73,8.74,8.75,8.76,99.5089
8.68,8.69,8.7,8.71,8.72,8.73,8.74,8.75,8.76,8.77,99.7104
8.69,8.7,8.71,8.72,8.73,8.74,8.75,8.76,8.77,8.78,99.9121
8.7,8.71,8.72,8.73,8.74,8.75,8.76,8.77,8.78,8.79,100.114
8.71,8.72,8.73,8.74,8.75,8.76,8.77,8.78,8.79,8.8,100.3161
8.72,8.73,8.74,8.75,8.76,8.77,8.78,8.79,8.8,8.81,100.5184
8.73,8.74,8.75,8.76,8.77,8.78,8.79,8.8,8.81,8.82,100.7209
8.74,8.75,8.76,8.77,8.78,8.79,8.8,8.81,8.82,8.83,100.9236
8.75,8.76,8.77,8.78,8.79,8.8,8.81,8.82,8.83,8.84,101.1265
8.76,8.77,8.78,8.79,8.8,8.81,8.82,8.83,8.84,8.85,101.3296
8.77,8.78,8.79,8.8,8.81,8.82,8.83,8.84,8.85,8.86,101.5329
8.78,8.79,8.8,8.81,8.82,8.83,8.84,8.85,8.86,8.87,101.7364
8.79,8.8,8.81,8.82,8.83,8.84,8.85,8.86,8.87,8.88,101.9401
8.8,8.81,8.82,8.83,8.84,8.85,8.86,8.87,8.88,8.89,102.144
8.81,8.82,8.83,8.84,8.85,8.86,8.87,8.88,8.89,8.9,102.3481
8.82,8.83,8.84,8.85,8.86,8.87,8.88,8.89,8.9,8.91,102.5524
8.83,8.84,8.85,8.86,8.87,8.88,8.89,8.9,8.91,8.92,102.7569
8.84,8.85,8.86,8.87,8.88,8.89,8.9,8.91,8.92,8.93,102.9616
8.85,8.86,8.87,8.88,8.89,8.9,8.91,8.92,8.93,8.94,103.1665
8.86,8.87,8.88,8.89,8.9,8.91,8.92,8.93,8.94,8.95,103.3716
8.87,8.88,8.89,8.9,8.91,8.92,8.93,8.94,8.95,8.96,103.5769
8.88,8.89,8.9,8.91,8.92,8.93,8.94,8.95,8.96,8.97,103.7824
8.89,8.9,8.91,8.92,8.93,8.94,8.95,8.96,8.97,8.98,103.9881
8.9,8.91,8.92,8.93,8.94,8.95,8.96,8.97,8.98,8.99,104.194
8.91,8.92,8.93,8.94,8.95,8.96,8.97,8.98,8.99,9.0,104.4001
8.92,8.93,8.94,8.95,8.96,8.97,8.98,8.99,9.0,9.01,104.6064
8.93,8.94,8.95,8.96,8.97,8.98,8.99,9.0,9.01,9.02,104.8129
8.94,8.95,8.96,8.97,8.98,8.99,9.0,9.01,9.02,9.03,105.0196
8.95,8.96,8.97,8.98,8.99,9.0,9.01,9.02,9.03,9.04,105.2265
8.96,8.97,8.98,8.99,9.0,9.01,9.02,9.03,9.04,9.05,105.4336
8.97,8.98,8.99,9.0,9.01,9.02,9.03,9.04,9.05,9.06,105.6409
8.98,8.99,9.0,9.01,9.02,9.03,9.04,9.05,9.06,9.07,105.8484
8.99,9.0,9.01,9.02,9.03,9.04,9.05,9.06,9.07,9.08,106.0561
9.0,9.01,9.02,9.03,9.04,9.05,9.06,9.07,9.08,9.09,106.264
9.01,9.02,9.03,9.04,9.05,9.06,9.07,9.08,9.09,9.1,106.4721
9.02,9.03,9.04,9.05,9.06,9.07,9.08,9.09,9.1,9.11,106.6804
9.03,9.04,9.05,9.06,9.07,9.08,9.09,9.1,9.11,9.12,106.8889
9.04,9.05,9.06,9.07,9.08,9.09,9.1,9.11,9.12,9.13,107.0976
9.05,9.06,9.07,9.08,9.09,9.1,9.11,9.12,9.13,9.14,107.3065
9.06,9.07,9.08,9.09,9.1,9.11,9.12,9.13,9.14,9.15,107.5156
9.07,9.08,9.09,9.1,9.11,9.12,9.13,9.14,9.15,9.16,107.7249
9.08,9.09,9.1,9.11,9.12,9.13,9.14,9.15,9.16,9.17,107.9344
9.09,9.1,9.11,9.12,9.13,9.14,9.15,9.16,9.17,9.18,108.1441
9.1,9.11,9.12,9.13,9.14,9.15,9.16,9.17,9.18,9.19,108.354
9.11,9.12,9.13,9.14,9.15,9.16,9.17,9.18,9.19,9.2,108.5641
9.12,9.13,9.14,9.15,9.16,9.17,9.18,9.19,9.2,9.21,108.7744
9.13,9.14,9.15,9.16,9.17,9.18,9.19,9.2,9.21,9.22,108.9849
9.14,9.15,9.16,9.17,9.18,9.19,9.2,9.21,9.22,9.23,109.1956
9.15,9.16,9.17,9.18,9.19,9.2,9.21,9.22,9.23,9.24,109.4065
9.16,9.17,9.18,9.19,9.2,9.21,9.22,9.23,9.24,9.25,109.6176
9.17,9.18,9.19,9.2,9.21,9.22,9.23,9.24,9.25,9.26,109.8289
9.18,9.19,9.2,9.21,9.22,9.23,9.24,9.25,9.26,9.27,110.0404
9.19,9.2,9.21,9.22,9.23,9.24,9.25,9.26,9.27,9.28,110.2521
9.2,9.21,9.22,9.23,9.24,9.25,9.26,9.27,9.28,9.29,110.464
9.21,9.22,9.23,9.24,9.25,9.26,9.27,9.28,9.29,9.3,110.6761
9.22,9.23,9.24,9.25,9.26,9.27,9.28,9.29,9.3,9.31,110.8884
9.23,9.24,9.25,9.26,9.27,9.28,9.29,9.3,9.31,9.32,111.1009
9.24,9.25,9.26,9.27,9.28,9.29,9.3,9.31,9.32,9.33,111.3136
9.25,9.26,9.27,9.28,9.29,9.3,9.31,9.32,9.33,9.34,111.5265
9.26,9.27,9.28,9.29,9.3,9.31,9.32,9.33,9.34,9.35,111.7396
9.27,9.28,9.29,9.3,9.31,9.32,9.33,9.34,9.35,9.36,111.9529
9.28,9.29,9.3,9.31,9.32,9.33,9.34,9.35,9.36,9.37,112.1664
9.29,9.3,9.31,9.32,9.33,9.34,9.35,9.36,9.37,9.38,112.3801
9.3,9.31,9.32,9.33,9.34,9.35,9.36,9.37,9.38,9.39,112.594
9.31,9.32,9.33,9.34,9.35,9.36,9.37,9.38,9.39,9.4,112.8081
9.32,9.33,9.34,9.35,9.36,9.37,9.38,9.39,9.4,9.41,113.0224
9.33,9.34,9.35,9.36,9.37,9.38,9.39,9.4,9.41,9.42,113.2369
9.34,9.35,9.36,9.37,9.38,9.39,9.4,9.41,9.42,9.43,113.4516
9.35,9.36,9.37,9.38,9.39,9.4,9.41,9.42,9.43,9.44,113.6665
9.36,9.37,9.38,9.39,9.4,9.41,9.42,9.43,9.44,9.45,113.8816
9.37,9.38,9.39,9.4,9.41,9.42,9.43,9.44,9.45,9.46,114.0969
9.38,9.39,9.4,9.41,9.42,9.43,9.44,9.45,9.46,9.47,114.3124
9.39,9.4,9.41,9.42,9.43,9.44,9.45,9.46,9.47,9.48,114.5281
9.4,9.41,9.42,9.43,9.44,9.45,9.46,9.47,9.48,9.49,114.744
9.41,9.42,9.43,9.44,9.45,9.46,9.47,9.48,9.49,9.5,114.9601
9.42,9.43,9.44,9.45,9.46,9.47,9.48,9.49,9.5,9.51,115.1764
9.43,9.44,9.45,9.46,9.47,9.48,9.49,9.5,9.51,9.52,115.3929
9.44,9.45,9.46,9.47,9.48,9.49,9.5,9.51,9.52,9.53,115.6096
9.45,9.46,9.47,9.48,9.49,9.5,9.51,9.52,9.53,9.54,115.8265
9.46,9.47,9.48,9.49,9.5,9.51,9.52,9.53,9.54,9.55,116.0436
9.47,9.48,9.49,9.5,9.51,9.52,9.53,9.54,9.55,9.56,116.2609
9.48,9.49,9.5,9.51,9.52,9.53,9.54,9.55,9.56,9.57,116.4784
9.49,9.5,9.51,9.52,9.53,9.54,9.55,9.56,9.57,9.58,116.6961
9.5,9.51,9.52,9.53,9.54,9.55,9.56,9.57,9.58,9.59,116.914
9.51,9.52,9.53,9.54,9.55,9.56,9.57,9.58,9.59,9.6,117.1321
9.52,9.53,9.54,9.55,9.56,9.57,9.58,9.59,9.6,9.61,117.3504
9.53,9.54,9.55,9.56,9.57,9.58,9.59,9.6,9.61,9.62,117.5689
9.54,9.55,9.56,9.57,9.58,9.59,9.6,9.61,9.62,9.63,117.7876
9.55,9.56,9.57,9.58,9.59,9.6,9.61,9.62,9.63,9.64,118.0065
9.56,9.57,9.58,9.59,9.6,9.61,9.62,9.63,9.64,9.65,118.2256
9.57,9.58,9.59,9.6,9.61,9.62,9.63,9.64,9.65,9.66,118.4449
9.58,9.59,9.6,9.61,9.62,9.63,9.64,9.65,9.66,9.67,118.6644
9.59,9.6,9.61,9.62,9.63,9.64,9.65,9.66,9.67,9.68,118.8841
9.6,9.61,9.62,9.63,9.64,9.65,9.66,9.67,9.68,9.69,119.104
9.61,9.62,9.63,9.64,9.65,9.66,9.67,9.68,9.69,9.7,119.3241
9.62,9.63,9.64,9.65,9.66,9.67,9.68,9.69,9.7,9.71,119.5444
9.63,9.64,9.65,9.66,9.67,9.68,9.69,9.7,9.71,9.72,119.7649
9.64,9.65,9.66,9.67,9.68,9.69,9.7,9.71,9.72,9.73,119.9856
9.65,9.66,9.67,9.68,9.69,9.7,9.71,9.72,9.73,9.74,120.2065
9.66,9.67,9.68,9.69,9.7,9.71,9.72,9.73,9.74,9.75,120.4276
9.67,9.68,9.69,9.7,9.71,9.72,9.73,9.74,9.75,9.76,120.6489
9.68,9.69,9.7,9.71,9.72,9.73,9.74,9.75,9.76,9.77,120.8704
9.69,9.7,9.71,9.72,9.73,9.74,9.75,9.76,9.77,9.78,121.0921
9.7,9.71,9.72,9.73,9.74,9.75,9.76,9.77,9.78,9.79,121.314
9.71,9.72,9.73,9.74,9.75,9.76,9.77,9.78,9.79,9.8,121.5361
9.72,9.73,9.74,9.75,9.76,9.77,9.78,9.79,9.8,9.81,121.7584
9.73,9.74,9.75,9.76,9.77,9.78,9.79,9.8,9.81,9.82,121.9809
9.74,9.75,9.76,9.77,9.78,9.79,9.8,9.81,9.82,9.83,122.2036
9.75,9.76,9.77,9.78,9.79,9.8,9.81,9.82,9.83,9.84,122.4265
9.76,9.77,9.78,9.79,9.8,9.81,9.82,9.83,9.84,9.85,122.6496
9.77,9.78,9.79,9.8,9.81,9.82,9.83,9.84,9.85,9.86,122.8729
9.78,9.79,9.8,9.81,9.82,9.83,9.84,9.85,9.86,9.87,123.0964
9.79,9.8,9.81,9.82,9.83,9.84,9.85,9.86,9.87,9.88,123.3201
9.8,9.81,9.82,9.83,9.84,9.85,9.86,9.87,9.88,9.89,123.544
9.81,9.82,9.83,9.84,9.85,9.86,9.87,9.88,9.89,9.9,123.7681
9.82,9.83,9.84,9.85,9.86,9.87,9.88,9.89,9.9,9.91,123.9924
9.83,9.84,9.85,9.86,9.87,9.88,9.89,9.9,9.91,9.92,124.2169
9.84,9.85,9.86,9.87,9.88,9.89,9.9,9.91,9.92,9.93,124.4416
9.85,9.86,9.87,9.88,9.89,9.9,9.91,9.92,9.93,9.94,124.6665
9.86,9.87,9.88,9.89,9.9,9.91,9.92,9.93,9.94,9.95,124.8916
9.87,9.88,9.89,9.9,9.91,9.92,9.93,9.94,9.95,9.96,125.1169
9.88,9.89,9.9,9.91,9.92,9.93,9.94,9.95,9.96,9.97,125.3424
9.89,9.9,9.91,9.92,9.93,9.94,9.95,9.96,9.97,9.98,125.5681
9.9,9.91,9.92,9.93,9.94,9.95,9.96,9.97,9.98,9.99,125.794
9.91,9.92,9.93,9.94,9.95,9.96,9.97,9.98,9.99,10.0,126.0201
9.92,9.93,9.94,9.95,9.96,9.97,9.98,9.99,10.0,10.01,126.2464
9.93,9.94,9.95,9.96,9.97,9.98,9.99,10.0,10.01,10.02,126.4729
9.94,9.95,9.96,9.97,9.98,9.99,10.0,10.01,10.02,10.03,126.6996
9.95,9.96,9.97,9.98,9.99,10.0,10.01,10.02,10.03,10.04,126.9265
9.96,9.97,9.98,9.99,10.0,10.01,10.02,10.03,10.04,10.05,127.1536
9.97,9.98,9.99,10.0,10.01,10.02,10.03,10.04,10.05,10.06,127.3809
9.98,9.99,10.0,10.01,10.02,10.03,10.04,10.05,10.06,10.07,127.6084
9.99,10.0,10.01,10.02,10.03,10.04,10.05,10.06,10.07,10.08,127.8361
